protein_variant,mighell_score,matreyek_score,predicted_class,func.class,EVE_scores_ASM
M1V,,1.06514337490303,0,FUNC,0.6521199816728769
K6E,-1.623520219,1.26379869827676,1,LOF,0.6193604881764062
N12I,-3.293897214,0.298716907917441,1,LOF,0.281843163739401
N12T,-0.321149974,1.02772901206215,0,FUNC,0.2494428269370136
K13Q,-0.178546379,1.00036493757133,0,FUNC,0.6746278201687449
K13E,-2.763671647,1.16041273250948,1,LOF,0.6900439207685715
R15S,-2.581100784,1.0251315149842,1,LOF,0.7003718608243408
R15S,-2.581100784,1.0251315149842,1,LOF,0.7003718608243408
R15T,-1.202348015,0.966155196017828,0,FUNC,0.7254843911434838
R15K,-1.649563943,1.20518009112705,1,LOF,0.710782930224942
Y16D,-2.205118144,1.16691212619323,1,LOF,0.3679965047044873
D19V,-0.924547947,0.820660513650636,1,LOF,0.3872897609386276
G20V,-0.946511289,0.70892091375341,1,LOF,0.612321483166172
D22H,-0.824534445,0.837734617878385,1,LOF,0.6624584746065454
L23V,-2.190944573,0.693521502434849,1,LOF,0.7102743035598542
D24V,-3.159554813,0.371202092913657,1,LOF,0.6712564064577752
D24Y,-4.140445459,0.647107290268216,1,LOF,0.7270237388106852
D24N,-1.549791026,0.849291645696078,1,LOF,0.7154361986893438
D24G,-3.647833533,0.874868539085298,1,LOF,0.7146115115215844
D24H,-3.602738396,,1,LOF,0.7227645152093247
T26I,-0.687361353,,1,LOF,0.6067250761478199
T26N,-0.647280484,0.42161733710288,1,LOF,0.5485263457426017
T26P,-4.324008353,0.13051033572119,1,LOF,0.5429707916980833
Y27S,-0.778782855,0.508828959489652,1,LOF,0.6657671182628804
Y27C,-1.648557963,0.349459352198348,1,LOF,0.4543611123464609
N31D,0.225696942,0.262646186425402,1,LOF,0.6489363798392918
M35V,,1.06120850439345,0,FUNC,0.6922974945015228
M35L,-0.646829733,0.884312033427592,0,FUNC,0.7066758258942543
M35T,-3.116353628,0.601580782987179,1,LOF,0.7006645047412849
M35R,-3.381502181,0.343871147334104,1,LOF,0.723183611827203
G36R,-2.69296249,0.670366063895785,1,LOF,0.7051027966544601
G36R,-2.69296249,0.670366063895785,1,LOF,0.7051027966544601
G36E,-1.797438259,,1,LOF,0.7374251314601062
P38L,-3.772374452,0.627175442185471,1,LOF,0.7365956401249807
P38R,-4.518087916,0.861585082162026,1,LOF,0.7359304784804263
G44D,-3.08033146,0.799232297703555,1,LOF,0.6533054129135325
Y46H,-2.719902783,1.10031215431775,1,LOF,0.5872685310335901
R47G,-2.33771605,1.02568969957949,1,LOF,0.7036514000688336
R47K,-1.357001423,,1,LOF,0.7283154397142656
N48K,-2.864235852,,1,LOF,0.7252512381669619
N48K,-2.864235852,,1,LOF,0.7252512381669619
V53A,-1.083646273,0.951014388699258,0,FUNC,0.6834392963592819
L57W,-4.862559182,0.173295345054726,1,LOF,0.5717395565673581
L57S,-3.731223711,0.239096771141433,1,LOF,0.604938951335875
H61R,-3.614920533,0.191643755363924,1,LOF,0.7154164428465837
H61D,-3.854777694,0.234913538998994,1,LOF,0.6999869726609476
H64P,-3.567882344,0.23277005980004,1,LOF,0.5786041458265038
K66E,-1.224349565,0.254668711748758,1,LOF,0.4969183265649499
I67R,-3.087905564,0.219541790464059,1,LOF,0.5041794699411711
Y68S,-4.213745547,0.219539581505228,1,LOF,0.694662385729163
Y68C,-2.732346495,0.06951562339011,1,LOF,0.7366550774335188
Y68H,-3.363412755,,1,LOF,0.7158069073212088
Y68D,-4.544045882,,1,LOF,0.6959503290137347
L70P,-4.265500945,,1,LOF,0.7076039697647183
A79T,0.216137223,0.998153851339622,0,FUNC,0.0997755276900745
D92A,-3.385801663,1.04452681930451,1,LOF,0.7093259003149545
D92V,-4.093252107,0.751959352629466,1,LOF,0.6984852563558812
D92Y,-5.223486239,,1,LOF,0.7011726120429371
D92G,-4.193150258,0.640134050768005,1,LOF,0.7058722457492577
H93Y,-2.460059762,,1,LOF,0.7201741764444101
H93N,-0.507119121,,1,LOF,0.7085292486712704
H93R,0.03027781,0.816582533433714,1,LOF,0.7032446190249139
H93D,-2.589693239,0.838428840139545,1,LOF,0.6983682150503037
P95L,-3.414242736,,1,LOF,0.5854202446719569
P96L,-2.479382146,0.48163979406367,1,LOF,0.6806984111786425
P96S,-1.697684118,,1,LOF,0.69122139092139
P96Q,-1.783578257,,1,LOF,0.7023559435234338
P96R,-5.258634614,,1,LOF,0.7061446606301545
L98R,-2.774899473,0.210472803643321,1,LOF,0.2888702449984411
I101T,-3.108621337,,1,LOF,0.6021417855022738
I101N,-4.085979598,,1,LOF,0.5819909749896498
C105Y,-2.064656929,,1,LOF,0.7204060594332806
C105G,-4.83784503,0.246432436944624,1,LOF,0.7108216214374781
C105R,-3.786342474,0.102351191791716,1,LOF,0.7115394780919355
D107V,-2.85186154,0.172984054918225,1,LOF,0.6331594792734676
D107Y,-5.12766096,0.267447089159155,1,LOF,0.6818066473812852
D107G,0.115538665,0.382168132728391,1,LOF,0.6850008161002301
L108P,-2.942039624,0.128543874392062,1,LOF,0.225334465176039
W111R,-4.104342596,0.0902285899380708,1,LOF,0.7253123279672525
L112P,-2.167630645,0.0804188827847682,1,LOF,0.6947793355336676
L112R,-3.545213145,0.113027107957011,1,LOF,0.6958676965551527
H118P,-1.593232261,,1,LOF,0.1554934305569836
V119L,-0.797882566,0.411850842182345,1,LOF,0.6010519153589413
A121T,-0.372459037,0.338048905479989,1,LOF,0.385271011119628
A121E,-1.670612264,0.240164364576751,1,LOF,0.5182602231896437
H123Y,-4.544401444,,1,LOF,0.7152417660717943
H123Q,-1.32074253,,1,LOF,0.7078453869847106
H123R,-3.834466422,0.407828388074956,1,LOF,0.7119218105446121
H123D,-4.345802175,,1,LOF,0.7154592141174627
C124Y,-2.04890389,0.507867404039742,1,LOF,0.7276776963395277
C124W,-2.093467367,0.439363303882131,1,LOF,0.7113964642973272
C124S,-4.895642909,1.13746760599211,1,LOF,0.6969944171693327
C124S,-4.895642909,1.13746760599211,1,LOF,0.6969944171693327
C124G,-2.588597119,0.816647893296581,1,LOF,0.6939412817716184
C124R,-4.451413313,0.280032695674395,1,LOF,0.7092900199042231
K125R,-0.250080581,0.918848929356298,0,FUNC,0.7176489199283984
A126V,-1.740052172,,1,LOF,0.6881271867168024
A126T,-1.935588405,1.01959242149309,1,LOF,0.6897040787912083
A126P,-2.314319604,,1,LOF,0.6808908303919486
A126D,-1.027466629,,1,LOF,0.6118412713676271
G127R,-2.233006121,0.490890563241277,1,LOF,0.6781219051944491
G127R,-2.233006121,0.490890563241277,1,LOF,0.6781219051944491
G127E,-2.689587253,,1,LOF,0.7111516484259294
K128N,-1.417249179,,1,LOF,0.7157034350418675
K128R,-1.499151584,,1,LOF,0.6862646379113129
K128E,-2.736505004,,1,LOF,0.6826834522087499
G129V,-4.18816073,0.541607665135278,1,LOF,0.6970884635725874
G129V,-4.18816073,0.541607665135278,1,LOF,0.6970884635725874
G129R,-1.477588499,0.488615062431636,1,LOF,0.7154855286041488
G129R,-1.477588499,0.488615062431636,1,LOF,0.7154855286041488
G129E,-5.409763516,0.755334938294823,1,LOF,0.7298053912915912
R130L,-3.098140476,1.19384659313195,1,LOF,0.72153086147579
R130Q,-2.04016411,,1,LOF,0.7254342001895163
R130G,-2.13842062,1.08519791687069,1,LOF,0.7179712505312215
R130P,-3.153431338,1.15629126640123,1,LOF,0.7134886506246717
T131I,-1.91132903,0.72384315974061,1,LOF,0.7234502662949449
G132V,-4.003127305,,1,LOF,0.6919898422149857
G132S,-3.502956373,,1,LOF,0.7017641108878784
G132D,-3.361888951,,1,LOF,0.7088329761788336
M134I,-1.711118421,0.566351498808271,1,LOF,0.6895687434633304
M134I,-1.711118421,0.566351498808271,1,LOF,0.6895687434633304
M134T,-1.474679661,0.375403601026661,1,LOF,0.6987511406937059
M134R,-3.797569367,0.308214565928125,1,LOF,0.7148311449490585
I135V,-0.073569185,,1,LOF,0.1874183648605736
I135K,-3.487411871,0.162758154658415,1,LOF,0.6782321014062784
C136Y,-2.444459068,,1,LOF,0.6821414064422048
C136R,-4.785818379,0.167416316287957,1,LOF,0.7363636007359555
H141L,-0.419802933,0.300202898003375,1,LOF,0.6614311203900375
H141P,-4.001333421,0.133314163298692,1,LOF,0.6027950209623812
Y155S,-3.248873831,,1,LOF,0.7335992415019615
Y155N,-2.937085175,0.276691552411217,1,LOF,0.6977444890185285
Y155C,-2.26881194,,1,LOF,0.72131636573271
Y155H,-2.411619138,,1,LOF,0.6600760682426661
R159M,-4.004145899,,1,LOF,0.7246610961728412
R159S,-3.654776807,,1,LOF,0.7185042831546223
R159G,-4.311654205,0.923288945760368,1,LOF,0.7170851294139001
R159K,-3.061396727,,1,LOF,0.7143375923270509
T160I,-1.761999319,,1,LOF,0.7088077058923352
D162E,-0.998532169,,1,LOF,0.5077279658242564
G165V,-2.85626731,,1,LOF,0.7202646565634204
G165R,-4.228052892,,1,LOF,0.72218830058962
G165R,-4.228052892,,1,LOF,0.72218830058962
V166E,-2.743778793,0.307477147324223,1,LOF,0.6958511503732874
T167A,-0.629513369,0.751492766621676,1,LOF,0.6773381160981765
T167N,-0.330359334,0.701551586375038,1,LOF,0.7019163111571152
S170I,-4.483950124,,1,LOF,0.7107723573372267
S170N,-1.092185723,,1,LOF,0.7308679514140953
S170R,-3.080425155,0.286042073759003,1,LOF,0.7063790566130723
S170R,-3.080425155,0.286042073759003,1,LOF,0.7063790566130723
S170R,-3.080425155,0.286042073759003,1,LOF,0.7063790566130723
Q171K,-4.681661415,,1,LOF,0.6804727602521032
R173L,-0.498891344,,1,LOF,0.6529212076330114
R173C,-1.261173013,,1,LOF,0.7011647585311734
R173G,-3.305623693,,1,LOF,0.6768548852540661
R173P,-3.975385795,,1,LOF,0.6852319868737202
R173H,-1.338165727,,1,LOF,0.7186320513710385
Y174N,-2.923917577,,1,LOF,0.6935494509759187
Y174C,-0.207781149,,1,LOF,0.6910748672761446
Y177H,-1.399647945,,1,LOF,0.6959296733721785
L181P,-3.166683355,,1,LOF,0.5616532250528026
M198K,-3.968497995,,1,LOF,0.0985767910621059
T202I,0.104464019,0.307786925541669,1,LOF,0.2628353571285993
P204A,-1.675323507,0.522930965593819,1,LOF,0.6456839692472613
C211W,-1.002649436,,1,LOF,0.3484962513340067
K221E,-0.74690658,,1,LOF,0.1924967954341127
P246L,-1.62165261,0.267038156658359,1,LOF,0.2249232519490533
L247S,-1.669765892,,1,LOF,0.2329354278545199
V249G,-3.417011582,,1,LOF,0.2735744853793046
G251V,-1.876517155,,1,LOF,0.6618669916693772
D252V,-3.329321436,0.330856866470537,1,LOF,0.7204300875623891
D252G,-2.091414016,0.287563093557784,1,LOF,0.7152582576374128
K254T,-0.065475659,0.282426270479663,1,LOF,0.606616743608029
V255E,-3.110089104,0.31129551317858,1,LOF,0.3567849361541406
K267N,-2.038984801,,1,LOF,0.3777558085185064
H272P,-3.655091225,0.320483949028954,1,LOF,0.3870291564992955
W274L,-3.977000261,0.306828977730936,1,LOF,0.6644196786702153
N276S,-1.068284933,0.340315933801628,1,LOF,0.6798785073062085
T277A,-0.705835287,0.289197528635449,1,LOF,0.6998955096796667
T277I,-2.033304123,,1,LOF,0.7108532919770718
T277R,-3.839319668,0.212413414092347,1,LOF,0.7051517899455697
S294R,-0.768912942,0.924219315363497,0,FUNC,0.122058294471412
Q298E,0.305203537,0.772931322570872,1,LOF,0.1176388866862892
D310G,-1.9190243,1.31214219489708,1,LOF,0.0967153762090328
D326N,-0.929151061,,1,LOF,0.7090132228124575
D326G,-1.710271765,,1,LOF,0.694662385729163
K342N,-1.908295205,0.971595592390556,1,LOF,0.4401427583918035
L345P,-4.05247018,0.190994040937337,1,LOF,0.3459858375154652
P354Q,0.091060946,1.19604795349684,1,LOF,0.1337987816332415
S360G,-0.28150236,0.978379891675762,0,FUNC,0.1185725192321911
