protein_variant,mighell_score,matreyek_score,predicted_class,func.class,#CHROM,POS,REF,ALT,genome,uniprot_id,transcript_id,am_pathogenicity,am_class
K6E,-1.623520219,1.26379869827676,1,LOF,chr10,89624242,A,G,hg19,P60484,ENST00000371953.3,0.9903,pathogenic
K6E,-1.623520219,1.26379869827676,1,LOF,chr10,87864485,A,G,hg38,P60484,ENST00000371953.8,0.9903,likely_pathogenic
N12I,-3.293897214,0.298716907917441,1,LOF,chr10,89624261,A,T,hg19,P60484,ENST00000371953.3,0.9727,pathogenic
N12I,-3.293897214,0.298716907917441,1,LOF,chr10,87864504,A,T,hg38,P60484,ENST00000371953.8,0.9727,likely_pathogenic
N12T,-0.321149974,1.02772901206215,0,FUNC,chr10,89624261,A,C,hg19,P60484,ENST00000371953.3,0.8218,pathogenic
N12T,-0.321149974,1.02772901206215,0,FUNC,chr10,87864504,A,C,hg38,P60484,ENST00000371953.8,0.8218,likely_pathogenic
K13Q,-0.178546379,1.00036493757133,0,FUNC,chr10,89624263,A,C,hg19,P60484,ENST00000371953.3,0.9992,pathogenic
K13Q,-0.178546379,1.00036493757133,0,FUNC,chr10,87864506,A,C,hg38,P60484,ENST00000371953.8,0.9992,likely_pathogenic
K13E,-2.763671647,1.16041273250948,1,LOF,chr10,89624263,A,G,hg19,P60484,ENST00000371953.3,0.9997,pathogenic
K13E,-2.763671647,1.16041273250948,1,LOF,chr10,87864506,A,G,hg38,P60484,ENST00000371953.8,0.9997,likely_pathogenic
R15S,-2.581100784,1.0251315149842,1,LOF,chr10,89624271,A,C,hg19,P60484,ENST00000371953.3,0.9999,pathogenic
R15S,-2.581100784,1.0251315149842,1,LOF,chr10,89624271,A,T,hg19,P60484,ENST00000371953.3,0.9999,pathogenic
R15S,-2.581100784,1.0251315149842,1,LOF,chr10,87864514,A,T,hg38,P60484,ENST00000371953.8,0.9999,likely_pathogenic
R15S,-2.581100784,1.0251315149842,1,LOF,chr10,87864514,A,C,hg38,P60484,ENST00000371953.8,0.9999,likely_pathogenic
R15T,-1.202348015,0.966155196017828,0,FUNC,chr10,89624270,G,C,hg19,P60484,ENST00000371953.3,0.9999,pathogenic
R15T,-1.202348015,0.966155196017828,0,FUNC,chr10,87864513,G,C,hg38,P60484,ENST00000371953.8,0.9999,likely_pathogenic
R15K,-1.649563943,1.20518009112705,1,LOF,chr10,89624270,G,A,hg19,P60484,ENST00000371953.3,0.9964,pathogenic
R15K,-1.649563943,1.20518009112705,1,LOF,chr10,87864513,G,A,hg38,P60484,ENST00000371953.8,0.9964,likely_pathogenic
Y16D,-2.205118144,1.16691212619323,1,LOF,chr10,89624272,T,G,hg19,P60484,ENST00000371953.3,0.9988,pathogenic
Y16D,-2.205118144,1.16691212619323,1,LOF,chr10,87864515,T,G,hg38,P60484,ENST00000371953.8,0.9988,likely_pathogenic
D19V,-0.924547947,0.820660513650636,1,LOF,chr10,89624282,A,T,hg19,P60484,ENST00000371953.3,0.9893,pathogenic
D19V,-0.924547947,0.820660513650636,1,LOF,chr10,87864525,A,T,hg38,P60484,ENST00000371953.8,0.9893,likely_pathogenic
G20V,-0.946511289,0.70892091375341,1,LOF,chr10,89624285,G,T,hg19,P60484,ENST00000371953.3,0.9934,pathogenic
G20V,-0.946511289,0.70892091375341,1,LOF,chr10,87864528,G,T,hg38,P60484,ENST00000371953.8,0.9934,likely_pathogenic
D22H,-0.824534445,0.837734617878385,1,LOF,chr10,89624290,G,C,hg19,P60484,ENST00000371953.3,0.9976,pathogenic
D22H,-0.824534445,0.837734617878385,1,LOF,chr10,87864533,G,C,hg38,P60484,ENST00000371953.8,0.9976,likely_pathogenic
L23V,-2.190944573,0.693521502434849,1,LOF,chr10,89624293,T,G,hg19,P60484,ENST00000371953.3,0.9813,pathogenic
L23V,-2.190944573,0.693521502434849,1,LOF,chr10,87864536,T,G,hg38,P60484,ENST00000371953.8,0.9813,likely_pathogenic
D24V,-3.159554813,0.371202092913657,1,LOF,chr10,89624297,A,T,hg19,P60484,ENST00000371953.3,0.9999,pathogenic
D24V,-3.159554813,0.371202092913657,1,LOF,chr10,87864540,A,T,hg38,P60484,ENST00000371953.8,0.9999,likely_pathogenic
D24Y,-4.140445459,0.647107290268216,1,LOF,chr10,89624296,G,T,hg19,P60484,ENST00000371953.3,0.9995,pathogenic
D24Y,-4.140445459,0.647107290268216,1,LOF,chr10,87864539,G,T,hg38,P60484,ENST00000371953.8,0.9995,likely_pathogenic
D24N,-1.549791026,0.849291645696078,1,LOF,chr10,89624296,G,A,hg19,P60484,ENST00000371953.3,0.9997,pathogenic
D24N,-1.549791026,0.849291645696078,1,LOF,chr10,87864539,G,A,hg38,P60484,ENST00000371953.8,0.9997,likely_pathogenic
D24G,-3.647833533,0.874868539085298,1,LOF,chr10,89624297,A,G,hg19,P60484,ENST00000371953.3,0.9998,pathogenic
D24G,-3.647833533,0.874868539085298,1,LOF,chr10,87864540,A,G,hg38,P60484,ENST00000371953.8,0.9998,likely_pathogenic
D24H,-3.602738396,,1,LOF,chr10,89624296,G,C,hg19,P60484,ENST00000371953.3,0.9999,pathogenic
D24H,-3.602738396,,1,LOF,chr10,87864539,G,C,hg38,P60484,ENST00000371953.8,0.9999,likely_pathogenic
T26I,-0.687361353,,1,LOF,chr10,89624303,C,T,hg19,P60484,ENST00000371953.3,0.999,pathogenic
T26I,-0.687361353,,1,LOF,chr10,87864546,C,T,hg38,P60484,ENST00000371953.8,0.999,likely_pathogenic
T26N,-0.647280484,0.42161733710288,1,LOF,chr10,89624303,C,A,hg19,P60484,ENST00000371953.3,0.9861,pathogenic
T26N,-0.647280484,0.42161733710288,1,LOF,chr10,87864546,C,A,hg38,P60484,ENST00000371953.8,0.9861,likely_pathogenic
T26P,-4.324008353,0.13051033572119,1,LOF,chr10,89624302,A,C,hg19,P60484,ENST00000371953.3,0.9965,pathogenic
T26P,-4.324008353,0.13051033572119,1,LOF,chr10,87864545,A,C,hg38,P60484,ENST00000371953.8,0.9965,likely_pathogenic
Y27S,-0.778782855,0.508828959489652,1,LOF,chr10,89653782,A,C,hg19,P60484,ENST00000371953.3,0.9872,pathogenic
Y27S,-0.778782855,0.508828959489652,1,LOF,chr10,87894025,A,C,hg38,P60484,ENST00000371953.8,0.9872,likely_pathogenic
Y27C,-1.648557963,0.349459352198348,1,LOF,chr10,89653782,A,G,hg19,P60484,ENST00000371953.3,0.9817,pathogenic
Y27C,-1.648557963,0.349459352198348,1,LOF,chr10,87894025,A,G,hg38,P60484,ENST00000371953.8,0.9817,likely_pathogenic
N31D,0.225696942,0.262646186425402,1,LOF,chr10,89653793,A,G,hg19,P60484,ENST00000371953.3,0.769,pathogenic
N31D,0.225696942,0.262646186425402,1,LOF,chr10,87894036,A,G,hg38,P60484,ENST00000371953.8,0.769,likely_pathogenic
M35V,,1.06120850439345,0,FUNC,chr10,89653805,A,G,hg19,P60484,ENST00000371953.3,0.9682,pathogenic
M35V,,1.06120850439345,0,FUNC,chr10,87894048,A,G,hg38,P60484,ENST00000371953.8,0.9682,likely_pathogenic
M35L,-0.646829733,0.884312033427592,0,FUNC,chr10,89653805,A,C,hg19,P60484,ENST00000371953.3,0.9581,pathogenic
M35L,-0.646829733,0.884312033427592,0,FUNC,chr10,89653805,A,T,hg19,P60484,ENST00000371953.3,0.9581,pathogenic
M35L,-0.646829733,0.884312033427592,0,FUNC,chr10,87894048,A,T,hg38,P60484,ENST00000371953.8,0.9581,likely_pathogenic
M35L,-0.646829733,0.884312033427592,0,FUNC,chr10,87894048,A,C,hg38,P60484,ENST00000371953.8,0.9581,likely_pathogenic
M35T,-3.116353628,0.601580782987179,1,LOF,chr10,89653806,T,C,hg19,P60484,ENST00000371953.3,0.9971,pathogenic
M35T,-3.116353628,0.601580782987179,1,LOF,chr10,87894049,T,C,hg38,P60484,ENST00000371953.8,0.9971,likely_pathogenic
M35R,-3.381502181,0.343871147334104,1,LOF,chr10,89653806,T,G,hg19,P60484,ENST00000371953.3,0.9995,pathogenic
M35R,-3.381502181,0.343871147334104,1,LOF,chr10,87894049,T,G,hg38,P60484,ENST00000371953.8,0.9995,likely_pathogenic
G36R,-2.69296249,0.670366063895785,1,LOF,chr10,89653808,G,A,hg19,P60484,ENST00000371953.3,0.9999,pathogenic
G36R,-2.69296249,0.670366063895785,1,LOF,chr10,89653808,G,C,hg19,P60484,ENST00000371953.3,0.9999,pathogenic
G36R,-2.69296249,0.670366063895785,1,LOF,chr10,87894051,G,C,hg38,P60484,ENST00000371953.8,0.9999,likely_pathogenic
G36R,-2.69296249,0.670366063895785,1,LOF,chr10,87894051,G,A,hg38,P60484,ENST00000371953.8,0.9999,likely_pathogenic
G36E,-1.797438259,,1,LOF,chr10,89653809,G,A,hg19,P60484,ENST00000371953.3,0.9999,pathogenic
G36E,-1.797438259,,1,LOF,chr10,87894052,G,A,hg38,P60484,ENST00000371953.8,0.9999,likely_pathogenic
P38L,-3.772374452,0.627175442185471,1,LOF,chr10,89653815,C,T,hg19,P60484,ENST00000371953.3,0.9992,pathogenic
P38L,-3.772374452,0.627175442185471,1,LOF,chr10,87894058,C,T,hg38,P60484,ENST00000371953.8,0.9992,likely_pathogenic
P38R,-4.518087916,0.861585082162026,1,LOF,chr10,89653815,C,G,hg19,P60484,ENST00000371953.3,0.9995,pathogenic
P38R,-4.518087916,0.861585082162026,1,LOF,chr10,87894058,C,G,hg38,P60484,ENST00000371953.8,0.9995,likely_pathogenic
G44D,-3.08033146,0.799232297703555,1,LOF,chr10,89653833,G,A,hg19,P60484,ENST00000371953.3,0.9982,pathogenic
G44D,-3.08033146,0.799232297703555,1,LOF,chr10,87894076,G,A,hg38,P60484,ENST00000371953.8,0.9982,likely_pathogenic
Y46H,-2.719902783,1.10031215431775,1,LOF,chr10,89653838,T,C,hg19,P60484,ENST00000371953.3,0.9993,pathogenic
Y46H,-2.719902783,1.10031215431775,1,LOF,chr10,87894081,T,C,hg38,P60484,ENST00000371953.8,0.9993,likely_pathogenic
R47G,-2.33771605,1.02568969957949,1,LOF,chr10,89653841,A,G,hg19,P60484,ENST00000371953.3,0.9997,pathogenic
R47G,-2.33771605,1.02568969957949,1,LOF,chr10,87894084,A,G,hg38,P60484,ENST00000371953.8,0.9997,likely_pathogenic
R47K,-1.357001423,,1,LOF,chr10,89653842,G,A,hg19,P60484,ENST00000371953.3,0.998,pathogenic
R47K,-1.357001423,,1,LOF,chr10,87894085,G,A,hg38,P60484,ENST00000371953.8,0.998,likely_pathogenic
N48K,-2.864235852,,1,LOF,chr10,89653846,C,A,hg19,P60484,ENST00000371953.3,0.9999,pathogenic
N48K,-2.864235852,,1,LOF,chr10,89653846,C,G,hg19,P60484,ENST00000371953.3,0.9999,pathogenic
N48K,-2.864235852,,1,LOF,chr10,87894089,C,G,hg38,P60484,ENST00000371953.8,0.9999,likely_pathogenic
N48K,-2.864235852,,1,LOF,chr10,87894089,C,A,hg38,P60484,ENST00000371953.8,0.9999,likely_pathogenic
V53A,-1.083646273,0.951014388699258,0,FUNC,chr10,89653860,T,C,hg19,P60484,ENST00000371953.3,0.9956,pathogenic
V53A,-1.083646273,0.951014388699258,0,FUNC,chr10,87894103,T,C,hg38,P60484,ENST00000371953.8,0.9956,likely_pathogenic
L57W,-4.862559182,0.173295345054726,1,LOF,chr10,89685275,T,G,hg19,P60484,ENST00000371953.3,0.9916,pathogenic
L57W,-4.862559182,0.173295345054726,1,LOF,chr10,87925518,T,G,hg38,P60484,ENST00000371953.8,0.9916,likely_pathogenic
L57S,-3.731223711,0.239096771141433,1,LOF,chr10,89685275,T,C,hg19,P60484,ENST00000371953.3,0.9996,pathogenic
L57S,-3.731223711,0.239096771141433,1,LOF,chr10,87925518,T,C,hg38,P60484,ENST00000371953.8,0.9996,likely_pathogenic
H61R,-3.614920533,0.191643755363924,1,LOF,chr10,89685287,A,G,hg19,P60484,ENST00000371953.3,0.9987,pathogenic
H61R,-3.614920533,0.191643755363924,1,LOF,chr10,87925530,A,G,hg38,P60484,ENST00000371953.8,0.9987,likely_pathogenic
H61D,-3.854777694,0.234913538998994,1,LOF,chr10,89685286,C,G,hg19,P60484,ENST00000371953.3,0.9996,pathogenic
H61D,-3.854777694,0.234913538998994,1,LOF,chr10,87925529,C,G,hg38,P60484,ENST00000371953.8,0.9996,likely_pathogenic
H64P,-3.567882344,0.23277005980004,1,LOF,chr10,89685296,A,C,hg19,P60484,ENST00000371953.3,0.9895,pathogenic
H64P,-3.567882344,0.23277005980004,1,LOF,chr10,87925539,A,C,hg38,P60484,ENST00000371953.8,0.9895,likely_pathogenic
K66E,-1.224349565,0.254668711748758,1,LOF,chr10,89685301,A,G,hg19,P60484,ENST00000371953.3,0.9937,pathogenic
K66E,-1.224349565,0.254668711748758,1,LOF,chr10,87925544,A,G,hg38,P60484,ENST00000371953.8,0.9937,likely_pathogenic
I67R,-3.087905564,0.219541790464059,1,LOF,chr10,89685305,T,G,hg19,P60484,ENST00000371953.3,0.9995,pathogenic
I67R,-3.087905564,0.219541790464059,1,LOF,chr10,87925548,T,G,hg38,P60484,ENST00000371953.8,0.9995,likely_pathogenic
Y68S,-4.213745547,0.219539581505228,1,LOF,chr10,89685308,A,C,hg19,P60484,ENST00000371953.3,0.9982,pathogenic
Y68S,-4.213745547,0.219539581505228,1,LOF,chr10,87925551,A,C,hg38,P60484,ENST00000371953.8,0.9982,likely_pathogenic
Y68C,-2.732346495,0.06951562339011,1,LOF,chr10,89685308,A,G,hg19,P60484,ENST00000371953.3,0.9913,pathogenic
Y68C,-2.732346495,0.06951562339011,1,LOF,chr10,87925551,A,G,hg38,P60484,ENST00000371953.8,0.9913,likely_pathogenic
Y68H,-3.363412755,,1,LOF,chr10,89685307,T,C,hg19,P60484,ENST00000371953.3,0.9987,pathogenic
Y68H,-3.363412755,,1,LOF,chr10,87925550,T,C,hg38,P60484,ENST00000371953.8,0.9987,likely_pathogenic
Y68D,-4.544045882,,1,LOF,chr10,89685307,T,G,hg19,P60484,ENST00000371953.3,0.9999,pathogenic
Y68D,-4.544045882,,1,LOF,chr10,87925550,T,G,hg38,P60484,ENST00000371953.8,0.9999,likely_pathogenic
L70P,-4.265500945,,1,LOF,chr10,89685314,T,C,hg19,P60484,ENST00000371953.3,1.0,pathogenic
L70P,-4.265500945,,1,LOF,chr10,87925557,T,C,hg38,P60484,ENST00000371953.8,1.0,likely_pathogenic
A79T,0.216137223,0.998153851339622,0,FUNC,chr10,89690828,G,A,hg19,P60484,ENST00000371953.3,0.0682,benign
A79T,0.216137223,0.998153851339622,0,FUNC,chr10,87931071,G,A,hg38,P60484,ENST00000371953.8,0.0682,likely_benign
D92A,-3.385801663,1.04452681930451,1,LOF,chr10,89692791,A,C,hg19,P60484,ENST00000371953.3,0.9998,pathogenic
D92A,-3.385801663,1.04452681930451,1,LOF,chr10,87933034,A,C,hg38,P60484,ENST00000371953.8,0.9998,likely_pathogenic
D92V,-4.093252107,0.751959352629466,1,LOF,chr10,89692791,A,T,hg19,P60484,ENST00000371953.3,0.9999,pathogenic
D92V,-4.093252107,0.751959352629466,1,LOF,chr10,87933034,A,T,hg38,P60484,ENST00000371953.8,0.9999,likely_pathogenic
D92Y,-5.223486239,,1,LOF,chr10,89692790,G,T,hg19,P60484,ENST00000371953.3,0.9994,pathogenic
D92Y,-5.223486239,,1,LOF,chr10,87933033,G,T,hg38,P60484,ENST00000371953.8,0.9994,likely_pathogenic
D92G,-4.193150258,0.640134050768005,1,LOF,chr10,89692791,A,G,hg19,P60484,ENST00000371953.3,0.9998,pathogenic
D92G,-4.193150258,0.640134050768005,1,LOF,chr10,87933034,A,G,hg38,P60484,ENST00000371953.8,0.9998,likely_pathogenic
H93Y,-2.460059762,,1,LOF,chr10,89692793,C,T,hg19,P60484,ENST00000371953.3,0.9993,pathogenic
H93Y,-2.460059762,,1,LOF,chr10,87933036,C,T,hg38,P60484,ENST00000371953.8,0.9993,likely_pathogenic
H93N,-0.507119121,,1,LOF,chr10,89692793,C,A,hg19,P60484,ENST00000371953.3,0.9995,pathogenic
H93N,-0.507119121,,1,LOF,chr10,87933036,C,A,hg38,P60484,ENST00000371953.8,0.9995,likely_pathogenic
H93R,0.03027781,0.816582533433714,1,LOF,chr10,89692794,A,G,hg19,P60484,ENST00000371953.3,0.9997,pathogenic
H93R,0.03027781,0.816582533433714,1,LOF,chr10,87933037,A,G,hg38,P60484,ENST00000371953.8,0.9997,likely_pathogenic
H93D,-2.589693239,0.838428840139545,1,LOF,chr10,89692793,C,G,hg19,P60484,ENST00000371953.3,0.9999,pathogenic
H93D,-2.589693239,0.838428840139545,1,LOF,chr10,87933036,C,G,hg38,P60484,ENST00000371953.8,0.9999,likely_pathogenic
P95L,-3.414242736,,1,LOF,chr10,89692800,C,T,hg19,P60484,ENST00000371953.3,0.9984,pathogenic
P95L,-3.414242736,,1,LOF,chr10,87933043,C,T,hg38,P60484,ENST00000371953.8,0.9984,likely_pathogenic
P96L,-2.479382146,0.48163979406367,1,LOF,chr10,89692803,C,T,hg19,P60484,ENST00000371953.3,0.9983,pathogenic
P96L,-2.479382146,0.48163979406367,1,LOF,chr10,87933046,C,T,hg38,P60484,ENST00000371953.8,0.9983,likely_pathogenic
P96S,-1.697684118,,1,LOF,chr10,89692802,C,T,hg19,P60484,ENST00000371953.3,0.9995,pathogenic
P96S,-1.697684118,,1,LOF,chr10,87933045,C,T,hg38,P60484,ENST00000371953.8,0.9995,likely_pathogenic
P96Q,-1.783578257,,1,LOF,chr10,89692803,C,A,hg19,P60484,ENST00000371953.3,0.9999,pathogenic
P96Q,-1.783578257,,1,LOF,chr10,87933046,C,A,hg38,P60484,ENST00000371953.8,0.9999,likely_pathogenic
P96R,-5.258634614,,1,LOF,chr10,89692803,C,G,hg19,P60484,ENST00000371953.3,0.9998,pathogenic
P96R,-5.258634614,,1,LOF,chr10,87933046,C,G,hg38,P60484,ENST00000371953.8,0.9998,likely_pathogenic
L98R,-2.774899473,0.210472803643321,1,LOF,chr10,89692809,T,G,hg19,P60484,ENST00000371953.3,0.998,pathogenic
L98R,-2.774899473,0.210472803643321,1,LOF,chr10,87933052,T,G,hg38,P60484,ENST00000371953.8,0.998,likely_pathogenic
I101T,-3.108621337,,1,LOF,chr10,89692818,T,C,hg19,P60484,ENST00000371953.3,0.9953,pathogenic
I101T,-3.108621337,,1,LOF,chr10,87933061,T,C,hg38,P60484,ENST00000371953.8,0.9953,likely_pathogenic
I101N,-4.085979598,,1,LOF,chr10,89692818,T,A,hg19,P60484,ENST00000371953.3,0.9989,pathogenic
I101N,-4.085979598,,1,LOF,chr10,87933061,T,A,hg38,P60484,ENST00000371953.8,0.9989,likely_pathogenic
C105Y,-2.064656929,,1,LOF,chr10,89692830,G,A,hg19,P60484,ENST00000371953.3,1.0,pathogenic
C105Y,-2.064656929,,1,LOF,chr10,87933073,G,A,hg38,P60484,ENST00000371953.8,1.0,likely_pathogenic
C105G,-4.83784503,0.246432436944624,1,LOF,chr10,89692829,T,G,hg19,P60484,ENST00000371953.3,0.9953,pathogenic
C105G,-4.83784503,0.246432436944624,1,LOF,chr10,87933072,T,G,hg38,P60484,ENST00000371953.8,0.9953,likely_pathogenic
C105R,-3.786342474,0.102351191791716,1,LOF,chr10,89692829,T,C,hg19,P60484,ENST00000371953.3,0.9999,pathogenic
C105R,-3.786342474,0.102351191791716,1,LOF,chr10,87933072,T,C,hg38,P60484,ENST00000371953.8,0.9999,likely_pathogenic
D107V,-2.85186154,0.172984054918225,1,LOF,chr10,89692836,A,T,hg19,P60484,ENST00000371953.3,0.9967,pathogenic
D107V,-2.85186154,0.172984054918225,1,LOF,chr10,87933079,A,T,hg38,P60484,ENST00000371953.8,0.9967,likely_pathogenic
D107Y,-5.12766096,0.267447089159155,1,LOF,chr10,89692835,G,T,hg19,P60484,ENST00000371953.3,0.9951,pathogenic
D107Y,-5.12766096,0.267447089159155,1,LOF,chr10,87933078,G,T,hg38,P60484,ENST00000371953.8,0.9951,likely_pathogenic
D107G,0.115538665,0.382168132728391,1,LOF,chr10,89692836,A,G,hg19,P60484,ENST00000371953.3,0.9921,pathogenic
D107G,0.115538665,0.382168132728391,1,LOF,chr10,87933079,A,G,hg38,P60484,ENST00000371953.8,0.9921,likely_pathogenic
L108P,-2.942039624,0.128543874392062,1,LOF,chr10,89692839,T,C,hg19,P60484,ENST00000371953.3,0.9999,pathogenic
L108P,-2.942039624,0.128543874392062,1,LOF,chr10,87933082,T,C,hg38,P60484,ENST00000371953.8,0.9999,likely_pathogenic
W111R,-4.104342596,0.0902285899380708,1,LOF,chr10,89692847,T,A,hg19,P60484,ENST00000371953.3,0.9997,pathogenic
W111R,-4.104342596,0.0902285899380708,1,LOF,chr10,89692847,T,C,hg19,P60484,ENST00000371953.3,0.9997,pathogenic
W111R,-4.104342596,0.0902285899380708,1,LOF,chr10,87933090,T,C,hg38,P60484,ENST00000371953.8,0.9997,likely_pathogenic
W111R,-4.104342596,0.0902285899380708,1,LOF,chr10,87933090,T,A,hg38,P60484,ENST00000371953.8,0.9997,likely_pathogenic
L112P,-2.167630645,0.0804188827847682,1,LOF,chr10,89692851,T,C,hg19,P60484,ENST00000371953.3,0.9999,pathogenic
L112P,-2.167630645,0.0804188827847682,1,LOF,chr10,87933094,T,C,hg38,P60484,ENST00000371953.8,0.9999,likely_pathogenic
L112R,-3.545213145,0.113027107957011,1,LOF,chr10,89692851,T,G,hg19,P60484,ENST00000371953.3,0.9951,pathogenic
L112R,-3.545213145,0.113027107957011,1,LOF,chr10,87933094,T,G,hg38,P60484,ENST00000371953.8,0.9951,likely_pathogenic
H118P,-1.593232261,,1,LOF,chr10,89692869,A,C,hg19,P60484,ENST00000371953.3,0.9765,pathogenic
H118P,-1.593232261,,1,LOF,chr10,87933112,A,C,hg38,P60484,ENST00000371953.8,0.9765,likely_pathogenic
V119L,-0.797882566,0.411850842182345,1,LOF,chr10,89692871,G,C,hg19,P60484,ENST00000371953.3,0.992,pathogenic
V119L,-0.797882566,0.411850842182345,1,LOF,chr10,87933114,G,C,hg38,P60484,ENST00000371953.8,0.992,likely_pathogenic
A121T,-0.372459037,0.338048905479989,1,LOF,chr10,89692877,G,A,hg19,P60484,ENST00000371953.3,0.951,pathogenic
A121T,-0.372459037,0.338048905479989,1,LOF,chr10,87933120,G,A,hg38,P60484,ENST00000371953.8,0.951,likely_pathogenic
A121E,-1.670612264,0.240164364576751,1,LOF,chr10,89692878,C,A,hg19,P60484,ENST00000371953.3,0.9998,pathogenic
A121E,-1.670612264,0.240164364576751,1,LOF,chr10,87933121,C,A,hg38,P60484,ENST00000371953.8,0.9998,likely_pathogenic
H123Y,-4.544401444,,1,LOF,chr10,89692883,C,T,hg19,P60484,ENST00000371953.3,0.9988,pathogenic
H123Y,-4.544401444,,1,LOF,chr10,87933126,C,T,hg38,P60484,ENST00000371953.8,0.9988,likely_pathogenic
H123Q,-1.32074253,,1,LOF,chr10,89692885,C,A,hg19,P60484,ENST00000371953.3,0.9997,pathogenic
H123Q,-1.32074253,,1,LOF,chr10,89692885,C,G,hg19,P60484,ENST00000371953.3,0.9997,pathogenic
H123Q,-1.32074253,,1,LOF,chr10,87933128,C,G,hg38,P60484,ENST00000371953.8,0.9997,likely_pathogenic
H123Q,-1.32074253,,1,LOF,chr10,87933128,C,A,hg38,P60484,ENST00000371953.8,0.9997,likely_pathogenic
H123R,-3.834466422,0.407828388074956,1,LOF,chr10,89692884,A,G,hg19,P60484,ENST00000371953.3,0.9998,pathogenic
H123R,-3.834466422,0.407828388074956,1,LOF,chr10,87933127,A,G,hg38,P60484,ENST00000371953.8,0.9998,likely_pathogenic
H123D,-4.345802175,,1,LOF,chr10,89692883,C,G,hg19,P60484,ENST00000371953.3,0.9998,pathogenic
H123D,-4.345802175,,1,LOF,chr10,87933126,C,G,hg38,P60484,ENST00000371953.8,0.9998,likely_pathogenic
C124Y,-2.04890389,0.507867404039742,1,LOF,chr10,89692887,G,A,hg19,P60484,ENST00000371953.3,0.9999,pathogenic
C124Y,-2.04890389,0.507867404039742,1,LOF,chr10,87933130,G,A,hg38,P60484,ENST00000371953.8,0.9999,likely_pathogenic
C124W,-2.093467367,0.439363303882131,1,LOF,chr10,89692888,T,G,hg19,P60484,ENST00000371953.3,0.9999,pathogenic
C124W,-2.093467367,0.439363303882131,1,LOF,chr10,87933131,T,G,hg38,P60484,ENST00000371953.8,0.9999,likely_pathogenic
C124S,-4.895642909,1.13746760599211,1,LOF,chr10,89692886,T,A,hg19,P60484,ENST00000371953.3,0.9995,pathogenic
C124S,-4.895642909,1.13746760599211,1,LOF,chr10,89692887,G,C,hg19,P60484,ENST00000371953.3,0.9995,pathogenic
C124S,-4.895642909,1.13746760599211,1,LOF,chr10,87933129,T,A,hg38,P60484,ENST00000371953.8,0.9995,likely_pathogenic
C124S,-4.895642909,1.13746760599211,1,LOF,chr10,87933130,G,C,hg38,P60484,ENST00000371953.8,0.9995,likely_pathogenic
C124G,-2.588597119,0.816647893296581,1,LOF,chr10,89692886,T,G,hg19,P60484,ENST00000371953.3,0.9978,pathogenic
C124G,-2.588597119,0.816647893296581,1,LOF,chr10,87933129,T,G,hg38,P60484,ENST00000371953.8,0.9978,likely_pathogenic
C124R,-4.451413313,0.280032695674395,1,LOF,chr10,89692886,T,C,hg19,P60484,ENST00000371953.3,0.9999,pathogenic
C124R,-4.451413313,0.280032695674395,1,LOF,chr10,87933129,T,C,hg38,P60484,ENST00000371953.8,0.9999,likely_pathogenic
K125R,-0.250080581,0.918848929356298,0,FUNC,chr10,89692890,A,G,hg19,P60484,ENST00000371953.3,0.9063,pathogenic
K125R,-0.250080581,0.918848929356298,0,FUNC,chr10,87933133,A,G,hg38,P60484,ENST00000371953.8,0.9063,likely_pathogenic
A126V,-1.740052172,,1,LOF,chr10,89692893,C,T,hg19,P60484,ENST00000371953.3,0.9997,pathogenic
A126V,-1.740052172,,1,LOF,chr10,87933136,C,T,hg38,P60484,ENST00000371953.8,0.9997,likely_pathogenic
A126T,-1.935588405,1.01959242149309,1,LOF,chr10,89692892,G,A,hg19,P60484,ENST00000371953.3,0.9995,pathogenic
A126T,-1.935588405,1.01959242149309,1,LOF,chr10,87933135,G,A,hg38,P60484,ENST00000371953.8,0.9995,likely_pathogenic
A126P,-2.314319604,,1,LOF,chr10,89692892,G,C,hg19,P60484,ENST00000371953.3,0.9994,pathogenic
A126P,-2.314319604,,1,LOF,chr10,87933135,G,C,hg38,P60484,ENST00000371953.8,0.9994,likely_pathogenic
A126D,-1.027466629,,1,LOF,chr10,89692893,C,A,hg19,P60484,ENST00000371953.3,0.9993,pathogenic
A126D,-1.027466629,,1,LOF,chr10,87933136,C,A,hg38,P60484,ENST00000371953.8,0.9993,likely_pathogenic
G127R,-2.233006121,0.490890563241277,1,LOF,chr10,89692895,G,A,hg19,P60484,ENST00000371953.3,1.0,pathogenic
G127R,-2.233006121,0.490890563241277,1,LOF,chr10,89692895,G,C,hg19,P60484,ENST00000371953.3,1.0,pathogenic
G127R,-2.233006121,0.490890563241277,1,LOF,chr10,87933138,G,C,hg38,P60484,ENST00000371953.8,1.0,likely_pathogenic
G127R,-2.233006121,0.490890563241277,1,LOF,chr10,87933138,G,A,hg38,P60484,ENST00000371953.8,1.0,likely_pathogenic
G127E,-2.689587253,,1,LOF,chr10,89692896,G,A,hg19,P60484,ENST00000371953.3,1.0,pathogenic
G127E,-2.689587253,,1,LOF,chr10,87933139,G,A,hg38,P60484,ENST00000371953.8,1.0,likely_pathogenic
K128N,-1.417249179,,1,LOF,chr10,89692900,G,C,hg19,P60484,ENST00000371953.3,0.9999,pathogenic
K128N,-1.417249179,,1,LOF,chr10,89692900,G,T,hg19,P60484,ENST00000371953.3,0.9999,pathogenic
K128N,-1.417249179,,1,LOF,chr10,87933143,G,T,hg38,P60484,ENST00000371953.8,0.9999,likely_pathogenic
K128N,-1.417249179,,1,LOF,chr10,87933143,G,C,hg38,P60484,ENST00000371953.8,0.9999,likely_pathogenic
K128R,-1.499151584,,1,LOF,chr10,89692899,A,G,hg19,P60484,ENST00000371953.3,0.9615,pathogenic
K128R,-1.499151584,,1,LOF,chr10,87933142,A,G,hg38,P60484,ENST00000371953.8,0.9615,likely_pathogenic
K128E,-2.736505004,,1,LOF,chr10,89692898,A,G,hg19,P60484,ENST00000371953.3,0.9997,pathogenic
K128E,-2.736505004,,1,LOF,chr10,87933141,A,G,hg38,P60484,ENST00000371953.8,0.9997,likely_pathogenic
G129V,-4.18816073,0.541607665135278,1,LOF,chr10,89692902,G,T,hg19,P60484,ENST00000371953.3,0.9998,pathogenic
G129V,-4.18816073,0.541607665135278,1,LOF,chr10,87933145,G,T,hg38,P60484,ENST00000371953.8,0.9998,likely_pathogenic
G129R,-1.477588499,0.488615062431636,1,LOF,chr10,89692901,G,A,hg19,P60484,ENST00000371953.3,1.0,pathogenic
G129R,-1.477588499,0.488615062431636,1,LOF,chr10,89692901,G,C,hg19,P60484,ENST00000371953.3,1.0,pathogenic
G129R,-1.477588499,0.488615062431636,1,LOF,chr10,87933144,G,C,hg38,P60484,ENST00000371953.8,1.0,likely_pathogenic
G129R,-1.477588499,0.488615062431636,1,LOF,chr10,87933144,G,A,hg38,P60484,ENST00000371953.8,1.0,likely_pathogenic
G129E,-5.409763516,0.755334938294823,1,LOF,chr10,89692902,G,A,hg19,P60484,ENST00000371953.3,0.9999,pathogenic
G129E,-5.409763516,0.755334938294823,1,LOF,chr10,87933145,G,A,hg38,P60484,ENST00000371953.8,0.9999,likely_pathogenic
R130L,-3.098140476,1.19384659313195,1,LOF,chr10,89692905,G,T,hg19,P60484,ENST00000371953.3,0.9997,pathogenic
R130L,-3.098140476,1.19384659313195,1,LOF,chr10,87933148,G,T,hg38,P60484,ENST00000371953.8,0.9997,likely_pathogenic
R130Q,-2.04016411,,1,LOF,chr10,89692905,G,A,hg19,P60484,ENST00000371953.3,0.9996,pathogenic
R130Q,-2.04016411,,1,LOF,chr10,87933148,G,A,hg38,P60484,ENST00000371953.8,0.9996,likely_pathogenic
R130G,-2.13842062,1.08519791687069,1,LOF,chr10,89692904,C,G,hg19,P60484,ENST00000371953.3,0.9999,pathogenic
R130G,-2.13842062,1.08519791687069,1,LOF,chr10,87933147,C,G,hg38,P60484,ENST00000371953.8,0.9999,likely_pathogenic
R130P,-3.153431338,1.15629126640123,1,LOF,chr10,89692905,G,C,hg19,P60484,ENST00000371953.3,0.9998,pathogenic
R130P,-3.153431338,1.15629126640123,1,LOF,chr10,87933148,G,C,hg38,P60484,ENST00000371953.8,0.9998,likely_pathogenic
T131I,-1.91132903,0.72384315974061,1,LOF,chr10,89692908,C,T,hg19,P60484,ENST00000371953.3,0.9999,pathogenic
T131I,-1.91132903,0.72384315974061,1,LOF,chr10,87933151,C,T,hg38,P60484,ENST00000371953.8,0.9999,likely_pathogenic
G132V,-4.003127305,,1,LOF,chr10,89692911,G,T,hg19,P60484,ENST00000371953.3,0.9999,pathogenic
G132V,-4.003127305,,1,LOF,chr10,87933154,G,T,hg38,P60484,ENST00000371953.8,0.9999,likely_pathogenic
G132S,-3.502956373,,1,LOF,chr10,89692910,G,A,hg19,P60484,ENST00000371953.3,0.9994,pathogenic
G132S,-3.502956373,,1,LOF,chr10,87933153,G,A,hg38,P60484,ENST00000371953.8,0.9994,likely_pathogenic
G132D,-3.361888951,,1,LOF,chr10,89692911,G,A,hg19,P60484,ENST00000371953.3,1.0,pathogenic
G132D,-3.361888951,,1,LOF,chr10,87933154,G,A,hg38,P60484,ENST00000371953.8,1.0,likely_pathogenic
M134I,-1.711118421,0.566351498808271,1,LOF,chr10,89692918,G,A,hg19,P60484,ENST00000371953.3,0.9985,pathogenic
M134I,-1.711118421,0.566351498808271,1,LOF,chr10,89692918,G,C,hg19,P60484,ENST00000371953.3,0.9985,pathogenic
M134I,-1.711118421,0.566351498808271,1,LOF,chr10,89692918,G,T,hg19,P60484,ENST00000371953.3,0.9985,pathogenic
M134I,-1.711118421,0.566351498808271,1,LOF,chr10,87933161,G,T,hg38,P60484,ENST00000371953.8,0.9985,likely_pathogenic
M134I,-1.711118421,0.566351498808271,1,LOF,chr10,87933161,G,C,hg38,P60484,ENST00000371953.8,0.9985,likely_pathogenic
M134I,-1.711118421,0.566351498808271,1,LOF,chr10,87933161,G,A,hg38,P60484,ENST00000371953.8,0.9985,likely_pathogenic
M134T,-1.474679661,0.375403601026661,1,LOF,chr10,89692917,T,C,hg19,P60484,ENST00000371953.3,0.9989,pathogenic
M134T,-1.474679661,0.375403601026661,1,LOF,chr10,87933160,T,C,hg38,P60484,ENST00000371953.8,0.9989,likely_pathogenic
M134R,-3.797569367,0.308214565928125,1,LOF,chr10,89692917,T,G,hg19,P60484,ENST00000371953.3,0.9999,pathogenic
M134R,-3.797569367,0.308214565928125,1,LOF,chr10,87933160,T,G,hg38,P60484,ENST00000371953.8,0.9999,likely_pathogenic
I135V,-0.073569185,,1,LOF,chr10,89692919,A,G,hg19,P60484,ENST00000371953.3,0.4377,ambiguous
I135V,-0.073569185,,1,LOF,chr10,87933162,A,G,hg38,P60484,ENST00000371953.8,0.4377,ambiguous
I135K,-3.487411871,0.162758154658415,1,LOF,chr10,89692920,T,A,hg19,P60484,ENST00000371953.3,0.9999,pathogenic
I135K,-3.487411871,0.162758154658415,1,LOF,chr10,87933163,T,A,hg38,P60484,ENST00000371953.8,0.9999,likely_pathogenic
C136Y,-2.444459068,,1,LOF,chr10,89692923,G,A,hg19,P60484,ENST00000371953.3,0.9999,pathogenic
C136Y,-2.444459068,,1,LOF,chr10,87933166,G,A,hg38,P60484,ENST00000371953.8,0.9999,likely_pathogenic
C136R,-4.785818379,0.167416316287957,1,LOF,chr10,89692922,T,C,hg19,P60484,ENST00000371953.3,0.9998,pathogenic
C136R,-4.785818379,0.167416316287957,1,LOF,chr10,87933165,T,C,hg38,P60484,ENST00000371953.8,0.9998,likely_pathogenic
H141L,-0.419802933,0.300202898003375,1,LOF,chr10,89692938,A,T,hg19,P60484,ENST00000371953.3,0.9814,pathogenic
H141L,-0.419802933,0.300202898003375,1,LOF,chr10,87933181,A,T,hg38,P60484,ENST00000371953.8,0.9814,likely_pathogenic
H141P,-4.001333421,0.133314163298692,1,LOF,chr10,89692938,A,C,hg19,P60484,ENST00000371953.3,0.9995,pathogenic
H141P,-4.001333421,0.133314163298692,1,LOF,chr10,87933181,A,C,hg38,P60484,ENST00000371953.8,0.9995,likely_pathogenic
Y155S,-3.248873831,,1,LOF,chr10,89692980,A,C,hg19,P60484,ENST00000371953.3,0.9959,pathogenic
Y155S,-3.248873831,,1,LOF,chr10,87933223,A,C,hg38,P60484,ENST00000371953.8,0.9959,likely_pathogenic
Y155N,-2.937085175,0.276691552411217,1,LOF,chr10,89692979,T,A,hg19,P60484,ENST00000371953.3,0.9987,pathogenic
Y155N,-2.937085175,0.276691552411217,1,LOF,chr10,87933222,T,A,hg38,P60484,ENST00000371953.8,0.9987,likely_pathogenic
Y155C,-2.26881194,,1,LOF,chr10,89692980,A,G,hg19,P60484,ENST00000371953.3,0.9967,pathogenic
Y155C,-2.26881194,,1,LOF,chr10,87933223,A,G,hg38,P60484,ENST00000371953.8,0.9967,likely_pathogenic
Y155H,-2.411619138,,1,LOF,chr10,89692979,T,C,hg19,P60484,ENST00000371953.3,0.999,pathogenic
Y155H,-2.411619138,,1,LOF,chr10,87933222,T,C,hg38,P60484,ENST00000371953.8,0.999,likely_pathogenic
R159M,-4.004145899,,1,LOF,chr10,89692992,G,T,hg19,P60484,ENST00000371953.3,1.0,pathogenic
R159M,-4.004145899,,1,LOF,chr10,87933235,G,T,hg38,P60484,ENST00000371953.8,1.0,likely_pathogenic
R159S,-3.654776807,,1,LOF,chr10,89692993,G,C,hg19,P60484,ENST00000371953.3,0.9999,pathogenic
R159S,-3.654776807,,1,LOF,chr10,89692993,G,T,hg19,P60484,ENST00000371953.3,0.9999,pathogenic
R159S,-3.654776807,,1,LOF,chr10,87933236,G,T,hg38,P60484,ENST00000371953.8,0.9999,likely_pathogenic
R159S,-3.654776807,,1,LOF,chr10,87933236,G,C,hg38,P60484,ENST00000371953.8,0.9999,likely_pathogenic
R159G,-4.311654205,0.923288945760368,1,LOF,chr10,89692991,A,G,hg19,P60484,ENST00000371953.3,0.9997,pathogenic
R159G,-4.311654205,0.923288945760368,1,LOF,chr10,87933234,A,G,hg38,P60484,ENST00000371953.8,0.9997,likely_pathogenic
R159K,-3.061396727,,1,LOF,chr10,89692992,G,A,hg19,P60484,ENST00000371953.3,0.9976,pathogenic
R159K,-3.061396727,,1,LOF,chr10,87933235,G,A,hg38,P60484,ENST00000371953.8,0.9976,likely_pathogenic
T160I,-1.761999319,,1,LOF,chr10,89692995,C,T,hg19,P60484,ENST00000371953.3,0.999,pathogenic
T160I,-1.761999319,,1,LOF,chr10,87933238,C,T,hg38,P60484,ENST00000371953.8,0.999,likely_pathogenic
D162E,-0.998532169,,1,LOF,chr10,89693002,C,A,hg19,P60484,ENST00000371953.3,0.998,pathogenic
D162E,-0.998532169,,1,LOF,chr10,89693002,C,G,hg19,P60484,ENST00000371953.3,0.998,pathogenic
D162E,-0.998532169,,1,LOF,chr10,87933245,C,G,hg38,P60484,ENST00000371953.8,0.998,likely_pathogenic
D162E,-0.998532169,,1,LOF,chr10,87933245,C,A,hg38,P60484,ENST00000371953.8,0.998,likely_pathogenic
G165V,-2.85626731,,1,LOF,chr10,89711876,G,T,hg19,P60484,ENST00000371953.3,0.9994,pathogenic
G165V,-2.85626731,,1,LOF,chr10,87952119,G,T,hg38,P60484,ENST00000371953.8,0.9994,likely_pathogenic
G165R,-4.228052892,,1,LOF,chr10,89711875,G,A,hg19,P60484,ENST00000371953.3,0.9999,pathogenic
G165R,-4.228052892,,1,LOF,chr10,89711875,G,C,hg19,P60484,ENST00000371953.3,0.9999,pathogenic
G165R,-4.228052892,,1,LOF,chr10,87952118,G,C,hg38,P60484,ENST00000371953.8,0.9999,likely_pathogenic
G165R,-4.228052892,,1,LOF,chr10,87952118,G,A,hg38,P60484,ENST00000371953.8,0.9999,likely_pathogenic
V166E,-2.743778793,0.307477147324223,1,LOF,chr10,89711879,T,A,hg19,P60484,ENST00000371953.3,0.9998,pathogenic
V166E,-2.743778793,0.307477147324223,1,LOF,chr10,87952122,T,A,hg38,P60484,ENST00000371953.8,0.9998,likely_pathogenic
T167A,-0.629513369,0.751492766621676,1,LOF,chr10,89711881,A,G,hg19,P60484,ENST00000371953.3,0.9974,pathogenic
T167A,-0.629513369,0.751492766621676,1,LOF,chr10,87952124,A,G,hg38,P60484,ENST00000371953.8,0.9974,likely_pathogenic
T167N,-0.330359334,0.701551586375038,1,LOF,chr10,89711882,C,A,hg19,P60484,ENST00000371953.3,0.9962,pathogenic
T167N,-0.330359334,0.701551586375038,1,LOF,chr10,87952125,C,A,hg38,P60484,ENST00000371953.8,0.9962,likely_pathogenic
S170I,-4.483950124,,1,LOF,chr10,89711891,G,T,hg19,P60484,ENST00000371953.3,0.9998,pathogenic
S170I,-4.483950124,,1,LOF,chr10,87952134,G,T,hg38,P60484,ENST00000371953.8,0.9998,likely_pathogenic
S170N,-1.092185723,,1,LOF,chr10,89711891,G,A,hg19,P60484,ENST00000371953.3,0.9996,pathogenic
S170N,-1.092185723,,1,LOF,chr10,87952134,G,A,hg38,P60484,ENST00000371953.8,0.9996,likely_pathogenic
S170R,-3.080425155,0.286042073759003,1,LOF,chr10,89711890,A,C,hg19,P60484,ENST00000371953.3,0.9999,pathogenic
S170R,-3.080425155,0.286042073759003,1,LOF,chr10,89711892,T,A,hg19,P60484,ENST00000371953.3,0.9999,pathogenic
S170R,-3.080425155,0.286042073759003,1,LOF,chr10,89711892,T,G,hg19,P60484,ENST00000371953.3,0.9999,pathogenic
S170R,-3.080425155,0.286042073759003,1,LOF,chr10,87952133,A,C,hg38,P60484,ENST00000371953.8,0.9999,likely_pathogenic
S170R,-3.080425155,0.286042073759003,1,LOF,chr10,87952135,T,G,hg38,P60484,ENST00000371953.8,0.9999,likely_pathogenic
S170R,-3.080425155,0.286042073759003,1,LOF,chr10,87952135,T,A,hg38,P60484,ENST00000371953.8,0.9999,likely_pathogenic
Q171K,-4.681661415,,1,LOF,chr10,89711893,C,A,hg19,P60484,ENST00000371953.3,0.9988,pathogenic
Q171K,-4.681661415,,1,LOF,chr10,87952136,C,A,hg38,P60484,ENST00000371953.8,0.9988,likely_pathogenic
R173L,-0.498891344,,1,LOF,chr10,89711900,G,T,hg19,P60484,ENST00000371953.3,0.998,pathogenic
R173L,-0.498891344,,1,LOF,chr10,87952143,G,T,hg38,P60484,ENST00000371953.8,0.998,likely_pathogenic
R173C,-1.261173013,,1,LOF,chr10,89711899,C,T,hg19,P60484,ENST00000371953.3,0.9981,pathogenic
R173C,-1.261173013,,1,LOF,chr10,87952142,C,T,hg38,P60484,ENST00000371953.8,0.9981,likely_pathogenic
R173G,-3.305623693,,1,LOF,chr10,89711899,C,G,hg19,P60484,ENST00000371953.3,0.9995,pathogenic
R173G,-3.305623693,,1,LOF,chr10,87952142,C,G,hg38,P60484,ENST00000371953.8,0.9995,likely_pathogenic
R173P,-3.975385795,,1,LOF,chr10,89711900,G,C,hg19,P60484,ENST00000371953.3,0.9999,pathogenic
R173P,-3.975385795,,1,LOF,chr10,87952143,G,C,hg38,P60484,ENST00000371953.8,0.9999,likely_pathogenic
R173H,-1.338165727,,1,LOF,chr10,89711900,G,A,hg19,P60484,ENST00000371953.3,0.9951,pathogenic
R173H,-1.338165727,,1,LOF,chr10,87952143,G,A,hg38,P60484,ENST00000371953.8,0.9951,likely_pathogenic
Y174N,-2.923917577,,1,LOF,chr10,89711902,T,A,hg19,P60484,ENST00000371953.3,0.9985,pathogenic
Y174N,-2.923917577,,1,LOF,chr10,87952145,T,A,hg38,P60484,ENST00000371953.8,0.9985,likely_pathogenic
Y174C,-0.207781149,,1,LOF,chr10,89711903,A,G,hg19,P60484,ENST00000371953.3,0.9985,pathogenic
Y174C,-0.207781149,,1,LOF,chr10,87952146,A,G,hg38,P60484,ENST00000371953.8,0.9985,likely_pathogenic
Y177H,-1.399647945,,1,LOF,chr10,89711911,T,C,hg19,P60484,ENST00000371953.3,0.9969,pathogenic
Y177H,-1.399647945,,1,LOF,chr10,87952154,T,C,hg38,P60484,ENST00000371953.8,0.9969,likely_pathogenic
L181P,-3.166683355,,1,LOF,chr10,89711924,T,C,hg19,P60484,ENST00000371953.3,0.9997,pathogenic
L181P,-3.166683355,,1,LOF,chr10,87952167,T,C,hg38,P60484,ENST00000371953.8,0.9997,likely_pathogenic
M198K,-3.968497995,,1,LOF,chr10,89711975,T,A,hg19,P60484,ENST00000371953.3,0.998,pathogenic
M198K,-3.968497995,,1,LOF,chr10,87952218,T,A,hg38,P60484,ENST00000371953.8,0.998,likely_pathogenic
T202I,0.104464019,0.307786925541669,1,LOF,chr10,89711987,C,T,hg19,P60484,ENST00000371953.3,0.9943,pathogenic
T202I,0.104464019,0.307786925541669,1,LOF,chr10,87952230,C,T,hg38,P60484,ENST00000371953.8,0.9943,likely_pathogenic
P204A,-1.675323507,0.522930965593819,1,LOF,chr10,89711992,C,G,hg19,P60484,ENST00000371953.3,0.993,pathogenic
P204A,-1.675323507,0.522930965593819,1,LOF,chr10,87952235,C,G,hg38,P60484,ENST00000371953.8,0.993,likely_pathogenic
C211W,-1.002649436,,1,LOF,chr10,89712015,C,G,hg19,P60484,ENST00000371953.3,0.9978,pathogenic
C211W,-1.002649436,,1,LOF,chr10,87952258,C,G,hg38,P60484,ENST00000371953.8,0.9978,likely_pathogenic
K221E,-0.74690658,,1,LOF,chr10,89717636,A,G,hg19,P60484,ENST00000371953.3,0.9748,pathogenic
K221E,-0.74690658,,1,LOF,chr10,87957879,A,G,hg38,P60484,ENST00000371953.8,0.9748,likely_pathogenic
P246L,-1.62165261,0.267038156658359,1,LOF,chr10,89717712,C,T,hg19,P60484,ENST00000371953.3,0.9408,pathogenic
P246L,-1.62165261,0.267038156658359,1,LOF,chr10,87957955,C,T,hg38,P60484,ENST00000371953.8,0.9408,likely_pathogenic
L247S,-1.669765892,,1,LOF,chr10,89717715,T,C,hg19,P60484,ENST00000371953.3,0.9951,pathogenic
L247S,-1.669765892,,1,LOF,chr10,87957958,T,C,hg38,P60484,ENST00000371953.8,0.9951,likely_pathogenic
V249G,-3.417011582,,1,LOF,chr10,89717721,T,G,hg19,P60484,ENST00000371953.3,0.9946,pathogenic
V249G,-3.417011582,,1,LOF,chr10,87957964,T,G,hg38,P60484,ENST00000371953.8,0.9946,likely_pathogenic
G251V,-1.876517155,,1,LOF,chr10,89717727,G,T,hg19,P60484,ENST00000371953.3,0.9996,pathogenic
G251V,-1.876517155,,1,LOF,chr10,87957970,G,T,hg38,P60484,ENST00000371953.8,0.9996,likely_pathogenic
D252V,-3.329321436,0.330856866470537,1,LOF,chr10,89717730,A,T,hg19,P60484,ENST00000371953.3,0.9998,pathogenic
D252V,-3.329321436,0.330856866470537,1,LOF,chr10,87957973,A,T,hg38,P60484,ENST00000371953.8,0.9998,likely_pathogenic
D252G,-2.091414016,0.287563093557784,1,LOF,chr10,89717730,A,G,hg19,P60484,ENST00000371953.3,0.9997,pathogenic
D252G,-2.091414016,0.287563093557784,1,LOF,chr10,87957973,A,G,hg38,P60484,ENST00000371953.8,0.9997,likely_pathogenic
K254T,-0.065475659,0.282426270479663,1,LOF,chr10,89717736,A,C,hg19,P60484,ENST00000371953.3,0.9954,pathogenic
K254T,-0.065475659,0.282426270479663,1,LOF,chr10,87957979,A,C,hg38,P60484,ENST00000371953.8,0.9954,likely_pathogenic
V255E,-3.110089104,0.31129551317858,1,LOF,chr10,89717739,T,A,hg19,P60484,ENST00000371953.3,0.9995,pathogenic
V255E,-3.110089104,0.31129551317858,1,LOF,chr10,87957982,T,A,hg38,P60484,ENST00000371953.8,0.9995,likely_pathogenic
K267N,-2.038984801,,1,LOF,chr10,89717776,G,C,hg19,P60484,ENST00000371953.3,0.968,pathogenic
K267N,-2.038984801,,1,LOF,chr10,89717776,G,T,hg19,P60484,ENST00000371953.3,0.968,pathogenic
K267N,-2.038984801,,1,LOF,chr10,87958019,G,T,hg38,P60484,ENST00000371953.8,0.968,likely_pathogenic
K267N,-2.038984801,,1,LOF,chr10,87958019,G,C,hg38,P60484,ENST00000371953.8,0.968,likely_pathogenic
H272P,-3.655091225,0.320483949028954,1,LOF,chr10,89720664,A,C,hg19,P60484,ENST00000371953.3,0.9964,pathogenic
H272P,-3.655091225,0.320483949028954,1,LOF,chr10,87960907,A,C,hg38,P60484,ENST00000371953.8,0.9964,likely_pathogenic
W274L,-3.977000261,0.306828977730936,1,LOF,chr10,89720670,G,T,hg19,P60484,ENST00000371953.3,0.9965,pathogenic
W274L,-3.977000261,0.306828977730936,1,LOF,chr10,87960913,G,T,hg38,P60484,ENST00000371953.8,0.9965,likely_pathogenic
N276S,-1.068284933,0.340315933801628,1,LOF,chr10,89720676,A,G,hg19,P60484,ENST00000371953.3,0.9416,pathogenic
N276S,-1.068284933,0.340315933801628,1,LOF,chr10,87960919,A,G,hg38,P60484,ENST00000371953.8,0.9416,likely_pathogenic
T277A,-0.705835287,0.289197528635449,1,LOF,chr10,89720678,A,G,hg19,P60484,ENST00000371953.3,0.9908,pathogenic
T277A,-0.705835287,0.289197528635449,1,LOF,chr10,87960921,A,G,hg38,P60484,ENST00000371953.8,0.9908,likely_pathogenic
T277I,-2.033304123,,1,LOF,chr10,89720679,C,T,hg19,P60484,ENST00000371953.3,0.9993,pathogenic
T277I,-2.033304123,,1,LOF,chr10,87960922,C,T,hg38,P60484,ENST00000371953.8,0.9993,likely_pathogenic
T277R,-3.839319668,0.212413414092347,1,LOF,chr10,89720679,C,G,hg19,P60484,ENST00000371953.3,0.9989,pathogenic
T277R,-3.839319668,0.212413414092347,1,LOF,chr10,87960922,C,G,hg38,P60484,ENST00000371953.8,0.9989,likely_pathogenic
S294R,-0.768912942,0.924219315363497,0,FUNC,chr10,89720729,A,C,hg19,P60484,ENST00000371953.3,0.4506,ambiguous
S294R,-0.768912942,0.924219315363497,0,FUNC,chr10,89720731,T,A,hg19,P60484,ENST00000371953.3,0.4506,ambiguous
S294R,-0.768912942,0.924219315363497,0,FUNC,chr10,89720731,T,G,hg19,P60484,ENST00000371953.3,0.4506,ambiguous
S294R,-0.768912942,0.924219315363497,0,FUNC,chr10,87960972,A,C,hg38,P60484,ENST00000371953.8,0.4506,ambiguous
S294R,-0.768912942,0.924219315363497,0,FUNC,chr10,87960974,T,G,hg38,P60484,ENST00000371953.8,0.4506,ambiguous
S294R,-0.768912942,0.924219315363497,0,FUNC,chr10,87960974,T,A,hg38,P60484,ENST00000371953.8,0.4506,ambiguous
Q298E,0.305203537,0.772931322570872,1,LOF,chr10,89720741,C,G,hg19,P60484,ENST00000371953.3,0.0664,benign
Q298E,0.305203537,0.772931322570872,1,LOF,chr10,87960984,C,G,hg38,P60484,ENST00000371953.8,0.0664,likely_benign
D310G,-1.9190243,1.31214219489708,1,LOF,chr10,89720778,A,G,hg19,P60484,ENST00000371953.3,0.1076,benign
D310G,-1.9190243,1.31214219489708,1,LOF,chr10,87961021,A,G,hg38,P60484,ENST00000371953.8,0.1076,likely_benign
D326N,-0.929151061,,1,LOF,chr10,89720825,G,A,hg19,P60484,ENST00000371953.3,0.9995,pathogenic
D326N,-0.929151061,,1,LOF,chr10,87961068,G,A,hg38,P60484,ENST00000371953.8,0.9995,likely_pathogenic
D326G,-1.710271765,,1,LOF,chr10,89720826,A,G,hg19,P60484,ENST00000371953.3,0.9996,pathogenic
D326G,-1.710271765,,1,LOF,chr10,87961069,A,G,hg38,P60484,ENST00000371953.8,0.9996,likely_pathogenic
K342N,-1.908295205,0.971595592390556,1,LOF,chr10,89720875,G,C,hg19,P60484,ENST00000371953.3,0.9712,pathogenic
K342N,-1.908295205,0.971595592390556,1,LOF,chr10,89720875,G,T,hg19,P60484,ENST00000371953.3,0.9712,pathogenic
K342N,-1.908295205,0.971595592390556,1,LOF,chr10,87961118,G,T,hg38,P60484,ENST00000371953.8,0.9712,likely_pathogenic
K342N,-1.908295205,0.971595592390556,1,LOF,chr10,87961118,G,C,hg38,P60484,ENST00000371953.8,0.9712,likely_pathogenic
L345P,-4.05247018,0.190994040937337,1,LOF,chr10,89725051,T,C,hg19,P60484,ENST00000371953.3,0.9998,pathogenic
L345P,-4.05247018,0.190994040937337,1,LOF,chr10,87965294,T,C,hg38,P60484,ENST00000371953.8,0.9998,likely_pathogenic
P354Q,0.091060946,1.19604795349684,1,LOF,chr10,89725078,C,A,hg19,P60484,ENST00000371953.3,0.1124,benign
P354Q,0.091060946,1.19604795349684,1,LOF,chr10,87965321,C,A,hg38,P60484,ENST00000371953.8,0.1124,likely_benign
S360G,-0.28150236,0.978379891675762,0,FUNC,chr10,89725095,A,G,hg19,P60484,ENST00000371953.3,0.0909,benign
S360G,-0.28150236,0.978379891675762,0,FUNC,chr10,87965338,A,G,hg38,P60484,ENST00000371953.8,0.0909,likely_benign
