protein_variant,DN_reporter_score,A549_p53WT_Nutlin-3_Z-score,A549_p53NULL_Nutlin-3_Z-score,A549_p53NULL_Etoposide_Z-score,func.class,transcript_variant,classification
A119G,-0.09882,-0.26054637215984155,-0.9791653463045241,0.49377625953244714,LOF,c.356C>G,Pathogenic
A129D,0.169501,0.0840082081436889,-0.1216619102699577,0.4770531632822991,LOF,c.386C>A,Benign
A138P,0.499873,0.9524567692809347,1.2951372174834648,-1.4719831691126264,FUNC,c.412G>C,Pathogenic
A159D,0.299016,0.43570626165951043,0.06402932813360207,0.11551135803456102,LOF,c.476C>A,Pathogenic
A159V,0.905569,1.739407213134506,0.6753276534441146,-1.0519584124026116,FUNC,c.476C>T,Pathogenic
A161T,0.551738,1.33656366831211,0.14731807228778146,-0.4785270523226585,FUNC,c.481G>A,Pathogenic
A276G,0.278988,0.46506456421991055,0.5413034881766118,-1.0249800693142144,LOF,c.827C>G,Pathogenic
A347D,-0.43908,-0.8931161337470069,-0.5315845395995603,0.5135673118473688,LOF,c.1040C>A,Pathogenic
A347G,-0.37483,-0.9885268684911145,0.2872337558675464,-0.061071556430569406,LOF,c.1040C>G,Benign
A355T,-0.53006,-0.4226238692304225,-0.8904612347886326,0.7176568194466072,LOF,c.1063G>A,Benign
A63G,-0.33227,0.08558877497870793,-0.5460931317935872,0.45667106698833043,LOF,c.188C>G,Benign
A63T,-0.56564,-0.20242136855362208,-0.19922280618927302,0.4501660201953422,LOF,c.187G>A,Benign
A63V,-0.24628,-0.4195377503539606,-0.18900498029985247,0.4251042106435678,LOF,c.188C>T,Benign
A74V,-0.46596,-0.21482246768065502,-1.6795802397126218,0.7004637167525053,LOF,c.221C>T,Benign
A84T,-0.00477,-0.17270183824349752,-0.6904528313008667,0.5833073102648064,LOF,c.250G>A,Benign
A84V,-0.27213,-0.0015429468672922557,-1.290808855266652,0.7872529872889017,LOF,c.251C>T,Benign
C135G,0.50655,1.610387661028761,0.6478094485967086,-1.5154282275527993,FUNC,c.403T>G,Pathogenic
C135R,0.43689,1.086316024898344,0.9252636890487725,-0.5059858913649394,FUNC,c.403T>C,Pathogenic
C141W,0.338237,1.6929285353932406,0.4839663504949772,-1.2091948128699839,FUNC,c.423C>G,Pathogenic
C141Y,0.627267,1.6858710539114188,0.7821467358130811,-0.7189085333807632,FUNC,c.422G>A,Pathogenic
C176Y,0.76174,2.0306402247484114,0.8063204221037474,-0.8773600675530533,FUNC,c.527G>A,Pathogenic
C238G,0.483636,1.5832589667509953,1.2689323911012778,-0.9227563641213502,FUNC,c.712T>G,Pathogenic
C238R,0.716987,1.6593156072139281,0.4546801525467861,-0.8209235543694483,FUNC,c.712T>C,Pathogenic
C238S,0.707299,1.7598026346922324,0.7509398575847773,-0.7213138709634013,FUNC,c.713G>C,Pathogenic
C238W,0.663924,2.101841932552807,1.181772751231699,-1.2119706392513798,FUNC,c.714T>G,Pathogenic
C238Y,0.545211,1.8640298887268785,1.1882119391251544,-1.5083807449651048,FUNC,c.713G>A,Pathogenic
C242W,0.481893,1.520020342002813,0.6287030829997329,-0.8039348900425799,FUNC,c.726C>G,Pathogenic
C242Y,0.626213,1.8058514132911592,0.4777125968095689,-0.9253613626505149,FUNC,c.725G>A,Pathogenic
C275W,0.67807,1.942243809921555,1.188337039176519,-1.5857366574676313,FUNC,c.825T>G,Pathogenic
C275Y,0.805222,1.8454773193772798,1.1847885489578713,-1.4399010615648338,FUNC,c.824G>A,Pathogenic
D186E,-0.09789,0.20469000063656062,-0.22976561704545964,0.577624426534974,LOF,c.558T>A,Benign
D186N,0.055206,0.09562162394216561,-0.3002959558205863,0.30788303775401726,LOF,c.556G>A,Benign
D208N,0.031267,0.09608492677585263,0.049827321953798805,0.2904293989070683,LOF,c.622G>A,Benign
D228Y,0.172865,0.06782040852162244,0.17538113437040048,0.32977772701236,LOF,c.682G>T,Benign
D281A,0.299623,0.5831352991909347,-0.3288429953944491,-1.7536360224097831,LOF,c.842A>C,Pathogenic
D281E,0.410661,0.22181637940001747,-0.12308435482240038,-0.5580871825638,LOF,c.843C>A,Pathogenic
D281G,0.403836,0.5193802237984246,0.6402403191698621,-1.0103842744479925,FUNC,c.842A>G,Pathogenic
D281H,0.589334,0.93143616153443,0.8670409736114036,-1.8331244174960946,FUNC,c.841G>C,Pathogenic
D281N,0.392591,1.1150026023933894,0.8574274321701683,-1.6051165572700752,FUNC,c.841G>A,Pathogenic
D281V,0.440221,0.2234912112527168,-0.12428226720188149,-1.530184123097518,LOF,c.842A>T,Pathogenic
D281Y,0.575948,1.0271313678039014,0.3483682490227785,-1.1627464670138665,FUNC,c.841G>T,Pathogenic
D324E,-0.28317,-0.16918316063585356,0.031997029798512926,0.5828690539224439,LOF,c.972T>A,Benign
D352E,-0.21079,-0.4257424904794285,-0.6461010677419452,0.7457509717229702,LOF,c.1056T>G,Benign
D393Y,-0.12104,0.08779462224331123,-0.23113629365095525,0.7741516014535539,LOF,c.1177G>T,Benign
D48E,-0.09241,-0.1721643975498859,-0.26309168967877333,0.7852859227150175,LOF,c.144C>A,Benign
D49H,0.231654,-0.34648910075909456,0.570080803774135,0.5923241132020417,LOF,c.145G>C,Benign
D49N,0.019632,0.05622441252459531,-0.4523792420572201,0.43410232547591754,LOF,c.145G>A,Benign
D57V,-0.23171,-0.4202424525941038,-0.7790359636709034,1.1902721558801197,LOF,c.170A>T,Benign
D7E,-0.01376,-0.1561938827755082,-0.8197619122877338,0.4373529943117314,LOF,c.21T>G,Benign
D7E,-0.01376,-0.1561938827755082,-0.8197619122877338,0.4373529943117314,LOF,c.21T>A,Benign
E171G,0.102118,0.6268252584451948,0.745553390578152,-0.30976053623765937,LOF,c.512A>G,Pathogenic
E180K,0.448303,1.3960858522867363,0.6330198960603985,-0.8377893271912377,FUNC,c.538G>A,Pathogenic
E258K,0.463162,1.307254141745029,1.1121472362580442,-1.2868151726356554,FUNC,c.772G>A,Pathogenic
E285K,0.636004,1.843314673226159,1.00729131354691,-1.49488273178482,FUNC,c.853G>A,Pathogenic
E285V,0.036387,1.711337411068977,0.6322688663390745,-1.2353344346629815,LOF,c.854A>T,Pathogenic
E286K,0.542885,1.5395250193693115,1.2319882225042,-1.4026263742522391,FUNC,c.856G>A,Pathogenic
E298K,0.079915,0.4998078848523504,-0.15999482217566097,0.3599616167622454,LOF,c.892G>A,Benign
E336Q,-0.2821,-0.7903661720232675,-1.366195310267426,0.816818793905878,LOF,c.1006G>C,Benign
E339Q,-0.34333,-1.2907509981166807,-0.7313020850912613,0.9362372284229393,LOF,c.1015G>C,Benign
E349G,-0.31032,-0.7768201182956568,0.02671401283825732,0.10396436531272728,LOF,c.1046A>G,Benign
E388A,-0.3164,-0.24796460732041514,-2.2979961629363648,1.2389381023730688,LOF,c.1163A>C,Benign
E388D,-0.205,-0.5734467636981624,-1.4955806191248777,1.0177445075589853,LOF,c.1164A>T,Benign
E388Q,-0.18683,-0.3114282471795208,-1.759991355831922,0.9539724685823129,LOF,c.1162G>C,Benign
G105R,0.523467,0.681311850745178,0.8889216829609272,-1.0874220755288162,FUNC,c.313G>C,Pathogenic
G105S,0.218555,0.4665893987167326,-0.20428741860985247,0.014440427969515045,LOF,c.313G>A,Pathogenic
G105V,0.498175,0.41529309625023286,0.4695058777158851,0.16238656826461498,LOF,c.314G>T,Pathogenic
G108S,0.022369,0.403265993324667,-0.35272532183382743,0.4267623090132041,LOF,c.322G>A,Benign
G199V,0.515518,0.7461982614216697,0.7669280084979034,-0.5530560509436369,FUNC,c.596G>T,Pathogenic
G244A,0.475974,1.289181337434569,0.5791856101680944,-1.3912687281391816,FUNC,c.731G>C,Pathogenic
G244D,0.648305,1.4096866628257794,0.5322474301140102,-1.0823479555026823,FUNC,c.731G>A,Pathogenic
G244S,0.49279,1.6954045391826889,0.4644948438760242,-0.9894306904629522,FUNC,c.730G>A,Pathogenic
G245C,0.578602,1.2177588867488016,0.5042743148355684,0.04424446781061707,LOF,c.733G>T,Pathogenic
G245D,0.492005,1.311784568128908,-0.9560988922363572,0.3129815665587454,LOF,c.734_735delinsAT,Pathogenic
G245D,0.492005,1.311784568128908,-0.9560988922363572,0.3129815665587454,LOF,c.734G>A,Pathogenic
G245S,0.406518,1.1463838770478425,0.4582984179398647,-0.7106395793803126,FUNC,c.733G>A,Pathogenic
G245V,0.820388,1.9509947952724596,0.3732371469270884,-0.3260754558593799,FUNC,c.734G>T,Pathogenic
G266E,0.80127,1.5569907263577063,0.7379237997055633,-1.0230149192062485,FUNC,c.797G>A,Pathogenic
G266R,0.514348,1.5791481585737597,1.0106595380668333,-1.2200482669774007,FUNC,c.796G>A,Pathogenic
G266R,0.514348,1.5791481585737597,1.0106595380668333,-1.2200482669774007,FUNC,c.796G>C,Pathogenic
G293W,-0.01546,0.10826191629478814,-0.5871084745940629,0.5177076065641775,LOF,c.877G>T,Benign
G334W,-0.27079,-0.840738959624175,0.22198451047092424,-0.08852753920337361,LOF,c.1000G>T,Pathogenic
G356R,-0.31292,-0.29603350106557264,-0.0876655412229136,0.34692049149297316,LOF,c.1066G>C,Benign
G360A,-0.35618,-1.1903194178239225,-0.40603515866821815,0.8826836329363216,LOF,c.1079G>C,Benign
G374R,-0.28872,-0.5508594280170973,-1.483277894996521,0.9854711908223192,LOF,c.1120G>C,Benign
G374V,-0.40632,-0.3058890634961088,-0.49232835587798884,0.8194517621944676,LOF,c.1121G>T,Benign
G59D,-0.18199,-0.33954765149103916,-0.5700292929536849,0.7219509035817052,LOF,c.176G>A,Benign
H115R,-0.10631,-0.08710709629455524,-0.3357911347009308,0.6094759202153299,LOF,c.344A>G,Benign
H168L,0.69889,1.0588478920927589,1.119178895895518,-0.6716171321527816,FUNC,c.503A>T,Pathogenic
H178D,0.311865,1.082340010542968,-0.027180618066019586,-1.3140630142475453,LOF,c.532C>G,Pathogenic
H178Q,0.117912,0.1842713976924348,-0.4408663768348989,0.03222904206446793,LOF,c.534C>G,Pathogenic
H178Q,0.117912,0.1842713976924348,-0.4408663768348989,0.03222904206446793,LOF,c.534C>A,Pathogenic
H179Q,0.635644,2.319712816385331,1.2739503958583818,-0.8647015802953434,FUNC,c.537T>A,Pathogenic
H179Q,0.635644,2.319712816385331,1.2739503958583818,-0.8647015802953434,FUNC,c.537T>G,Pathogenic
H179Y,0.575052,1.7921804087653777,0.9767385032576049,-0.37575424271754804,FUNC,c.535C>T,Pathogenic
H193P,0.618236,1.8908523602967484,1.2312538903409171,-1.2644026591500792,FUNC,c.578A>C,Pathogenic
H193Q,0.087663,0.7676116574107196,-0.18901952203961223,0.05190071165796198,LOF,c.579T>A,Pathogenic
H193R,0.665865,1.8354543088640147,1.4163231828151968,-1.1782917819333212,FUNC,c.578A>G,Pathogenic
H193Y,0.441707,1.4086276658952277,0.8101391210807544,-0.9530675633371718,FUNC,c.577C>T,Pathogenic
H214R,0.725436,1.6601450958092634,0.9502170685522924,-0.8837460594498548,FUNC,c.641A>G,Pathogenic
H296Y,0.169016,0.3205580762543842,-0.008942191150752572,0.3367068444086668,LOF,c.886C>T,Benign
H365Y,-0.06569,-0.36585451364741994,-0.20157318058284932,0.5999727017368807,LOF,c.1093C>T,Benign
H368Y,-0.11519,-0.5975805241244703,-1.259026445349926,1.224364321437032,LOF,c.1102C>T,Benign
I232N,0.060664,1.6749429005491776,1.1668003372264792,-0.7999142235922199,LOF,c.695T>A,Pathogenic
I232S,0.531893,1.5097543180924544,1.1555527597725523,-1.3917519823688387,FUNC,c.695T>G,Pathogenic
I232T,0.432406,1.254814791471011,0.8184130516108348,-0.9528867291546668,FUNC,c.695T>C,Pathogenic
I251L,0.548798,1.2502182453979462,1.110699460536149,-1.3809674671605856,FUNC,c.751A>C,Pathogenic
I254N,-0.02104,1.382218978640686,0.6809895243377467,-1.5895218585845625,LOF,c.761_762delinsAT,Pathogenic
I254N,-0.02104,1.382218978640686,0.6809895243377467,-1.5895218585845625,LOF,c.761T>A,Pathogenic
I254T,0.383308,0.9476187176038015,0.47972837577412064,-0.8619054413103856,FUNC,c.761T>C,Pathogenic
I254V,-0.29748,0.3828295570111998,-0.6225957615049429,0.36934817078287885,LOF,c.760A>G,Benign
I332N,0.002897,-1.3571854553528244,1.2223683716783276,-1.805857132762019,LOF,c.995T>A,Pathogenic
I50T,-0.32407,-0.6144716032162126,-0.9145503705639556,0.7609187799653663,LOF,c.149T>C,Benign
K132E,0.334001,1.6560708418629382,0.9685675494593723,-0.5070290105086936,FUNC,c.394A>G,Pathogenic
K132N,0.565087,1.2718669531388211,0.8498711787174907,-0.5825166209190286,FUNC,c.396G>T,Pathogenic
K132N,0.565087,1.2718669531388211,0.8498711787174907,-0.5825166209190286,FUNC,c.396G>C,Pathogenic
K132R,0.6978,1.3966646521350605,1.4158509157882235,-1.1991300232206172,FUNC,c.395A>G,Pathogenic
K292R,0.046049,0.09764281076509532,-0.08640706053576185,0.2230098588725167,LOF,c.875A>G,Benign
L130H,-0.03792,1.5603575733829014,0.8358985887832349,-0.5322832349976969,LOF,c.389T>A,Pathogenic
L130P,0.306461,0.8740569777256958,1.404719414411609,-1.261409830690064,FUNC,c.389T>C,Pathogenic
L265P,0.889571,1.5277864248998014,1.043613188077705,-0.7993575904540218,FUNC,c.794T>C,Pathogenic
L265Q,0.126159,0.9096506546978939,0.4930359773025498,-0.8225014007016891,LOF,c.794T>A,Pathogenic
L289P,0.080442,0.519745994527438,-0.13906282605286754,0.6447465991627886,LOF,c.866T>C,Benign
L32V,0.021087,-0.6673368987096232,0.4612375468964299,0.0719539612630551,LOF,c.94C>G,Benign
L344P,-0.57104,-0.8787838673111663,1.3693141797140593,-1.3980109892626147,LOF,c.1031T>C,Pathogenic
M133T,0.503465,0.8862503041401645,0.7354274254544585,-0.6050996928053675,FUNC,c.398T>C,Pathogenic
M160I,-0.01636,0.4247736848718332,-0.21508773502654918,0.3855718422503781,LOF,c.480G>A,Benign
M237I,0.783468,1.4157206874592851,0.7486830787996694,-0.6699115424939838,FUNC,c.711G>C,Pathogenic
M237I,0.783468,1.4157206874592851,0.7486830787996694,-0.6699115424939838,FUNC,c.711G>T,Pathogenic
M237I,0.783468,1.4157206874592851,0.7486830787996694,-0.6699115424939838,FUNC,c.711G>A,Pathogenic
M237K,0.107108,1.7028172876080996,0.37249881203305746,-1.1511814068193638,LOF,c.710T>A,Pathogenic
M246I,0.164151,0.6418686067743232,-0.00010272464916123406,-0.1516565703459354,LOF,c.738G>C,Pathogenic
M246I,0.164151,0.6418686067743232,-0.00010272464916123406,-0.1516565703459354,LOF,c.738G>A,Pathogenic
M246K,0.025512,2.2897187009884883,0.6185459516825967,-1.110200343831636,LOF,c.737T>A,Pathogenic
M246V,0.216625,1.5537545530492702,0.8046445442521113,-0.5698985347335623,LOF,c.736A>G,Pathogenic
M340I,-0.21829,-0.44258210306319484,-0.6057637937950113,0.6819118324072124,LOF,c.1020G>T,Benign
M384T,0.173666,-0.11659031945957005,-1.6187950760231666,0.7082966033806306,LOF,c.1151T>C,Benign
M384V,-0.08292,-0.14877283440593164,-1.519371688693985,0.8366898044609452,LOF,c.1150A>G,Benign
M66V,0.045314,0.08937075638636367,0.38395283208678904,-0.15389040253787784,LOF,c.196A>G,Benign
N131I,0.011677,1.6123597046931444,1.1490776366472302,-1.1383729257540758,LOF,c.392A>T,Pathogenic
N131Y,-0.00162,1.6531058707778477,0.7230249905842155,-0.8596182493316727,LOF,c.391A>T,Pathogenic
N235S,0.06767,0.16890816339844242,-0.09671010330717524,0.2976658520358771,LOF,c.704A>G,Benign
N239S,0.368445,0.9631454210330278,0.351663554096962,-0.6722177719993837,FUNC,c.716A>G,Pathogenic
N263S,-0.07978,0.18530646242286244,0.04986646599001654,0.4749790636909261,LOF,c.788A>G,Benign
N29D,0.007659,-0.2691833961224581,-0.41483809158541535,0.1583032171112864,LOF,c.85A>G,Benign
N310K,-0.30266,-0.3147105177236433,-0.16438696797800728,0.4904486598396758,LOF,c.930C>G,Benign
N310S,-0.00941,-0.4636633315136298,-0.5984273722525676,0.4166249309178851,LOF,c.929A>G,Benign
P151A,0.286682,1.379722240552285,1.129523848368197,-1.2573233461125284,FUNC,c.451C>G,Pathogenic
P151R,0.573761,1.9611559374164933,0.941181718255588,-1.6926490599984543,FUNC,c.452C>G,Pathogenic
P151S,0.608922,1.5065816318519336,0.8195049117651462,-0.9168274030343853,FUNC,c.451_452delinsAG,Pathogenic
P151S,0.608922,1.5065816318519336,0.8195049117651462,-0.9168274030343853,FUNC,c.451C>T,Pathogenic
P151T,0.109146,0.6881164915208584,1.0068597483190924,-0.9445178851985233,LOF,c.451C>A,Pathogenic
P152L,0.404737,1.0215466867371132,0.6316242903750452,-0.811601808681344,FUNC,c.455C>T,Pathogenic
P152R,0.397465,0.5791945479815411,1.0180143683833311,-1.457973790324517,FUNC,c.455C>G,Pathogenic
P177R,0.633152,1.6499864161311735,0.4142096803214511,-1.5143348854980896,FUNC,c.530C>G,Pathogenic
P190L,0.446314,1.1554664522899016,1.147751585003507,-1.4349097445100274,FUNC,c.569C>T,Pathogenic
P191R,-0.08872,0.0811193104042123,-0.1102821704898946,0.5205413026867154,LOF,c.572C>G,Benign
P278L,0.508453,1.7132793047324884,1.3612359278671007,-1.4366645255664192,FUNC,c.833C>T,Pathogenic
P278S,0.666773,1.4555745661323356,1.3558851908770861,-1.4729136384437451,FUNC,c.832C>T,Pathogenic
P278T,0.777476,1.7413883397695735,0.8838526481254327,-0.8301139568285675,FUNC,c.832C>A,Pathogenic
P300L,0.392674,0.31077627804766056,-0.2614397520779336,0.19742800917490946,LOF,c.899C>T,Benign
P36Q,-0.02409,-0.18794147069906406,-0.30463308167858144,0.6505581391500207,LOF,c.107C>A,Benign
P47S,-0.33894,-0.22805895672036183,-0.23174231936899128,0.8121086850545695,LOF,c.139C>T,Benign
P4L,0.018748,-0.3672586392758178,-0.5118720224118465,0.35635906228057845,LOF,c.11C>T,Benign
P4Q,0.072363,-0.15525821395004158,-0.4268507684672805,0.5373955830315713,LOF,c.11C>A,Benign
P58A,-0.28701,-0.27435816765502447,-0.43075759689285503,1.018949087028153,LOF,c.172C>G,Benign
P82L,-0.1097,0.0005978065443782731,-0.7212975800978293,0.5082660088168316,LOF,c.245C>T,Benign
P89T,-0.04518,-0.2122344670927101,-0.4838138553871109,0.5204136211536506,LOF,c.265C>A,Benign
P8L,-0.01134,-0.5664948795685789,-0.52345314296916,-0.007909445079937618,LOF,c.23C>T,Benign
P8R,-0.04983,-0.5691314143931797,-0.4140782211280307,0.5165714212595433,LOF,c.23C>G,Benign
Q192H,-0.15317,0.35382406593117194,0.4476958054862708,0.024704400696233832,LOF,c.576G>C,Benign
Q317K,-0.06326,-0.21223923174741857,-0.6224551407677594,0.5526969291414026,LOF,c.949C>A,Benign
Q354K,-0.17846,-0.2519728507708432,-0.8064325845469437,0.8637426461337353,LOF,c.1060C>A,Benign
Q375K,-0.15526,-0.012670842709807754,-0.48729567035635685,0.7386201186695742,LOF,c.1123C>A,Benign
R110H,0.026741,0.20128988834442002,-0.2454386934157588,0.5132179059395482,LOF,c.329G>A,Benign
R110L,0.293185,0.6226524787750332,0.1586580044797304,0.021620520254249005,LOF,c.329G>T,Pathogenic
R110P,0.597488,1.0854463428274497,1.3802227977767392,-1.5208041576814328,FUNC,c.329_330delinsCC,Pathogenic
R110P,0.597488,1.0854463428274497,1.3802227977767392,-1.5208041576814328,FUNC,c.329G>C,Pathogenic
R158G,0.573783,1.7112509144507135,1.2504935015364058,-1.6493962034878586,FUNC,c.472C>G,Pathogenic
R158H,0.315291,0.9044447027064547,0.20260481803053543,-0.35997306749414476,LOF,c.473G>A,Pathogenic
R158L,0.835384,0.7345785788273944,0.9025110266442462,-0.8283464732728202,FUNC,c.473_474delinsTT,Pathogenic
R158L,0.835384,0.7345785788273944,0.9025110266442462,-0.8283464732728202,FUNC,c.473G>T,Pathogenic
R158P,0.541359,1.5322614789677338,1.1263361969193955,-1.257794022185609,FUNC,c.473G>C,Pathogenic
R158S,0.106456,0.3708115019253704,-0.4921047916595453,0.25337329802804837,LOF,c.472C>A,Pathogenic
R174K,0.076762,0.022293240161706366,-0.44145407381912605,0.40093284038033955,LOF,c.521G>A,Benign
R175G,0.303535,1.7301902118509564,0.9680236082710074,-1.029278833267562,FUNC,c.523C>G,Pathogenic
R175H,0.59602,1.7913881070332667,0.5383957628403249,-0.7447654142127693,FUNC,c.524G>A,Pathogenic
R175L,0.270591,0.9409324191958374,-0.3786729015219982,0.20739737030929117,LOF,c.524G>T,Pathogenic
R181P,0.177978,0.9168825477984541,1.18162619632831,-1.5838243974492188,LOF,c.542G>C,Pathogenic
R196P,0.585506,1.5797756869185315,1.1921667125079982,-1.5615486595348775,FUNC,c.587G>C,Pathogenic
R209S,-0.08546,0.10338062265390158,0.09472020014340625,0.44375711705120974,LOF,c.627A>C,Benign
R213P,0.364636,1.4806803903407302,1.5983644491954105,-0.5156480163573114,FUNC,c.638G>C,Pathogenic
R213Q,0.396442,1.0169289562682255,0.44698577334651945,-0.6357156811634949,FUNC,c.638G>A,Pathogenic
R248G,0.617367,0.6559342426453657,0.6675579156391516,-1.4488781235898989,FUNC,c.742C>G,Pathogenic
R248L,0.484403,1.4587205146496633,0.4634394743175577,-0.3941045879286342,FUNC,c.743G>T,Pathogenic
R248P,0.9922,2.2944679544257185,1.6616517079076298,-1.7433651561843282,FUNC,c.743G>C,Pathogenic
R248Q,0.37464,1.2334798699180733,0.21705344063477885,-0.9853848254821235,FUNC,c.743G>A,Pathogenic
R248W,0.499841,1.5527183163257938,0.6139307358381629,-0.6892312463118315,FUNC,c.741_742delinsTT,Pathogenic
R248W,0.499841,1.5527183163257938,0.6139307358381629,-0.6892312463118315,FUNC,c.742C>T,Pathogenic
R249S,0.517655,1.9851737243906147,0.43632171797008357,-0.31554938496148,FUNC,c.747G>T,Pathogenic
R249T,0.695583,2.0427638746003898,1.308844449875274,-1.2450171835152453,FUNC,c.746G>C,Pathogenic
R267G,0.668362,0.8810843453883638,0.9367730270323086,-1.4039822654046552,FUNC,c.799C>G,Pathogenic
R267W,0.176399,1.0303613673002743,-0.27994216337221095,0.07084546319319773,LOF,c.799C>T,Pathogenic
R273C,0.531983,1.2613472537375359,0.3143042398059623,-0.9303982219537827,FUNC,c.817C>T,Pathogenic
R273G,0.799744,1.7951773644879425,1.2663177839544064,-1.583272213239636,FUNC,c.817C>G,Pathogenic
R273H,0.496114,1.145500820068768,1.0778441621853185,-1.4383870935120846,FUNC,c.818G>A,Pathogenic
R273L,0.567075,1.3460604052235376,0.6644377060342452,-0.8912211368593783,FUNC,c.818G>T,Pathogenic
R273P,0.608114,1.5537579567507152,1.303419085533237,-1.335750051822478,FUNC,c.818G>C,Pathogenic
R273S,0.541413,1.0426862593936947,0.2735067854817242,-1.1647428424793294,FUNC,c.817C>A,Pathogenic
R280T,0.548145,0.89903402313933,0.8508709906326501,-1.7060181701338701,FUNC,c.839G>C,Pathogenic
R282G,0.655202,1.7186901032261315,1.1696749316276385,-1.1700823577405843,FUNC,c.844C>G,Pathogenic
R282P,0.721665,1.7339534026516563,1.469039128597867,-1.8192358750160191,FUNC,c.845G>C,Pathogenic
R282W,0.488828,1.5907029672965016,0.729156312773123,-0.7571415765144042,FUNC,c.844C>T,Pathogenic
R283C,-0.14663,-0.08348704331007575,-0.542843775809936,0.4327137127708793,LOF,c.847C>T,Benign
R290C,0.029375,0.08239551083936272,-0.7549227292537946,0.5372982775647719,LOF,c.868C>T,Benign
R290H,0.227441,0.4731340778522766,-0.3446549658538213,0.37365922647283545,LOF,c.869G>A,Benign
R333C,-0.25601,-1.1786008821582206,-0.568987549418471,0.5776875966654301,LOF,c.997C>T,Benign
R333H,-0.27162,-0.5334086438411111,-0.8284489600280619,0.773129830719122,LOF,c.998G>A,Benign
R337C,-0.51113,-0.9849378072005684,0.7764214087430954,-1.1093349970160922,LOF,c.1009C>T,Pathogenic
R337H,-0.37913,-0.9647075350841217,-0.21328710172708565,0.20040232381638787,LOF,c.1010G>A,Pathogenic
R337L,-0.64015,-0.697797760290385,0.6019385890554717,-0.7967504637732215,LOF,c.1010G>T,Pathogenic
R337P,-0.46714,-1.1328653774035826,1.1084522297929766,-1.74749300559384,LOF,c.1010G>C,Pathogenic
R342P,-0.29439,-1.2585494795467402,1.5474543118306578,-1.7495993460884383,LOF,c.1025G>C,Pathogenic
R342Q,-0.45951,-0.40650314988819447,-0.23098217996914422,0.27705657406494827,LOF,c.1025G>A,Benign
R379H,0.107488,0.043040114582304216,-0.9968641825326018,0.7405965362245645,LOF,c.1136G>A,Benign
R379L,-0.38202,-0.31754211197557425,-1.2975746108930686,0.8582794397582075,LOF,c.1136G>T,Benign
R379S,-0.04552,-0.14364177270837664,-0.568683278603368,0.9065027755425517,LOF,c.1135C>A,Benign
S106R,-0.38987,-0.1297070432758546,-0.3821661986486174,0.7577317564068402,LOF,c.318C>G,Pathogenic
S127C,0.242139,0.7751584406955224,0.8162770020472696,-0.7972754658116535,LOF,c.380C>G,Pathogenic
S127P,0.065438,1.0067687440835567,0.9445692383319119,-1.1611414242684046,LOF,c.379T>C,Pathogenic
S127Y,0.425555,0.9087580095751996,0.5345238882845573,-0.20023629311133914,LOF,c.380C>A,Pathogenic
S185N,0.014768,0.22752702233708802,-0.2930362429256877,0.21086653383990253,LOF,c.554G>A,Benign
S185R,-0.04449,0.1492331255798478,0.049769124399806526,0.016206633622330623,LOF,c.555C>G,Benign
S240G,0.346524,1.1315355793382453,0.5949259990452804,-0.488413820683824,LOF,c.718A>G,Pathogenic
S240R,0.446743,1.3181291161580195,0.46386482293394804,-0.3154226377762359,LOF,c.718A>C,Pathogenic
S241A,0.471477,1.1445427780865491,0.9213923462944928,-1.0724019304546863,FUNC,c.721T>G,Pathogenic
S241C,0.703426,1.5774208445775901,1.0982533235564935,-1.5735661392225206,FUNC,c.722C>G,Pathogenic
S241T,0.080437,0.7575562851795145,0.44528656039810277,-0.8508336917212368,LOF,c.721T>A,Pathogenic
S241Y,0.309016,0.7991363242690348,0.09005884304791371,-0.1641745448037185,LOF,c.722C>A,Pathogenic
S260Y,0.133067,0.316663012942114,-0.29421588430859474,0.5025242291828681,LOF,c.779C>A,Benign
S303G,-0.05987,-0.11838320615108217,-0.1759165013826733,0.3449578621270391,LOF,c.907A>G,Benign
S313N,-0.04749,-0.3528072093958793,-0.7851717460774449,0.5705033015516591,LOF,c.938G>A,Benign
S315T,-0.45685,-0.10011031750752826,-0.5751304169610205,0.4446657098137105,LOF,c.943T>A,Benign
S366A,-0.17942,-1.0044697802376579,-1.4405290776253978,1.0262968120513658,LOF,c.1096T>G,Benign
S94L,-0.20577,0.14242777244506194,-0.15338751052653443,0.7437833403282975,LOF,c.281C>T,Benign
T125K,0.457582,0.5131875362221192,-0.11131918665941158,-0.33162457677823975,LOF,c.374C>A,Pathogenic
T125R,0.452574,0.7860799978225681,1.104919692885739,-1.7752387463843526,FUNC,c.374C>G,Pathogenic
T170M,0.080452,0.1081304108898079,-0.6574145500490726,1.0684660672157866,LOF,c.509C>T,Benign
T253A,0.230574,1.1641412120152141,0.12870453434936502,-0.48487754855928694,LOF,c.757A>G,Pathogenic
T284I,-0.40516,-0.16004220243386708,-0.9391182403617633,0.5626117805153462,LOF,c.851C>T,Benign
T312N,-0.12095,-0.3420280473630359,-0.5819424054116121,0.6649153943550817,LOF,c.935C>A,Benign
T312S,-0.25216,-0.6554727866066463,-0.3223438812177477,0.6642995030018071,LOF,c.935C>G,Benign
T387P,-0.23071,-1.1198663588855098,-2.5303366474142814,0.7894651585812027,LOF,c.1159A>C,Benign
V10I,0.047613,-0.11962277004597237,-0.7794272840547934,0.49483529405940974,LOF,c.28G>A,Benign
V10L,-0.06904,-0.6871448385072902,-0.38034873867839475,0.1587221411240241,LOF,c.28G>C,Benign
V122M,0.162998,0.7449535176050226,0.11615077035397268,0.5767856309875588,LOF,c.364G>A,Benign
V143A,0.416589,1.005182744777602,0.9608111084912799,-0.9530331741988296,FUNC,c.428T>C,Pathogenic
V157I,0.121146,0.5938631071047228,-0.5682346656384891,0.4387656869454484,LOF,c.469G>A,Benign
V173A,0.714213,1.3122844010104076,0.9851679884682578,-0.9021253512960103,FUNC,c.518T>C,Pathogenic
V173L,0.473136,0.8442754847631692,0.3725498565126253,0.05025554410811962,LOF,c.517G>T,Pathogenic
V173M,0.675282,1.930534412256517,1.0663609230305673,-1.2014883955989266,FUNC,c.517G>A,Pathogenic
V216M,0.696223,1.834467813028001,1.3842815685025223,-1.133720273488827,FUNC,c.646G>A,Pathogenic
V218E,0.002851,1.409055421193507,0.8650330016469395,-0.5787373125536993,LOF,c.653T>A,Pathogenic
V272L,0.551098,1.4174913652316161,0.5446148388933147,-0.8190950439009037,FUNC,c.814G>C,Pathogenic
V272L,0.551098,1.4174913652316161,0.5446148388933147,-0.8190950439009037,FUNC,c.814G>T,Pathogenic
V272M,0.583903,1.7902166274078477,1.1497432617033292,-1.2004719201008363,FUNC,c.814G>A,Pathogenic
V73M,-0.00754,0.06243242124768544,-0.49976984619707876,0.6620703291554453,LOF,c.217G>A,Benign
Y107H,-0.04477,0.09629168336844791,-0.10967345948055413,0.5453693063685265,LOF,c.319T>C,Benign
Y163C,0.933723,1.7394170132840727,1.2825710069349747,-1.0024551183072885,FUNC,c.488A>G,Pathogenic
Y205C,0.533117,1.7411044246743734,1.0680625024157118,-1.6389612580834774,FUNC,c.614A>G,Pathogenic
Y205H,0.644513,1.4625748731630015,1.5230893284739973,-1.0224645233368392,FUNC,c.613T>C,Pathogenic
Y220C,0.444997,1.5263833946091867,0.6339840875061972,-1.1463242807029397,FUNC,c.659A>G,Pathogenic
Y220H,0.596906,1.4502152546274607,0.7760288228582642,-0.7321172119494425,FUNC,c.658T>C,Pathogenic
Y220S,0.621524,1.3460770202774035,1.226370202063053,-1.4105793284103023,FUNC,c.659A>C,Pathogenic
Y234C,0.665704,1.4693132837307958,0.9765200203964278,-1.0911439780808974,FUNC,c.701A>G,Pathogenic
Y234D,0.479217,1.6750800846353888,1.1559467452071588,-1.19191604903018,FUNC,c.700T>G,Pathogenic
Y234H,0.434135,1.7274463449612232,0.5165808795206436,-0.9693724196564893,FUNC,c.700T>C,Pathogenic
Y234N,0.079876,1.7379474226569875,0.7906540854532055,-0.8843998226310429,LOF,c.700T>A,Pathogenic
Y236H,0.371847,1.27005817670138,0.7567088717458408,-0.6215547360984067,FUNC,c.706T>C,Pathogenic
