protein_variant,chromosome,lof_score,func.class,transcript_variant,classification
A2T,2,-4.11263271427335,FUNC,c.4G>A,Benign
V3L,3,-4.07574807224305,FUNC,c.7G>C,Benign
V3L,3,-4.07574807224305,FUNC,c.7G>T,Benign
Q4H,4,-5.26185051735485,FUNC,c.12G>T,Benign
T8M,8,-1.00859164832883,FUNC,c.23C>T,Benign
Q10H,10,-2.80119022234089,FUNC,c.30G>T,Benign
S13C,13,-4.40140650774322,FUNC,c.37A>T,Benign
G18R,18,-3.80407150860879,FUNC,c.52G>C,Benign
G18A,18,-4.74808934565416,FUNC,c.53G>C,Benign
R21G,21,-2.37401604764848,FUNC,c.61C>G,Benign
P27Q,27,-5.32903777591496,FUNC,c.80C>A,Benign
E28A,28,-4.94403127045422,FUNC,c.83A>C,Benign
K29R,29,-3.3618199766776,FUNC,c.86A>G,Benign
V34L,34,-3.76193420825163,FUNC,c.100G>C,Benign
R35L,35,-4.80381516436272,FUNC,c.104G>T,Benign
A45V,45,-2.74535437793292,FUNC,c.134C>T,Benign
H46Q,46,-3.65410711340486,FUNC,c.138C>G,Benign
G47R,47,-4.1058061226684,FUNC,c.139G>C,Benign
E48Q,48,-2.87201253369315,FUNC,c.142G>C,Benign
L52P,52,-2.7040790071533,FUNC,c.155T>C,Benign
R55Q,55,-3.60964131304375,FUNC,c.164G>A,Benign
V57A,57,-4.27801794145983,FUNC,c.170T>C,Benign
T60S,60,-4.29493962897245,FUNC,c.178A>T,Benign
Q61R,61,-5.31194004950575,FUNC,c.182A>G,Benign
G62V,62,-3.98811107999865,FUNC,c.185G>T,Benign
K65E,65,-2.40362497884206,FUNC,c.193A>G,Benign
G68W,68,-3.79677759762191,FUNC,c.202G>T,Benign
G71R,71,-3.71135974391138,FUNC,c.211G>C,Pathogenic
Q76H,76,-5.04853827651154,FUNC,c.228G>C,Benign
S77I,77,-5.16283931836703,FUNC,c.230G>T,Benign
K82E,82,-4.91361077735688,FUNC,c.244A>G,Benign
E86Q,86,-3.65461372599439,FUNC,c.256G>C,Benign
D91H,91,-5.95985506152512,FUNC,c.271G>C,Benign
L94P,94,-3.91576633226226,FUNC,c.281T>C,Benign
V95L,95,-2.937319874661,FUNC,c.283G>C,Benign
R96H,96,-3.15285315687194,FUNC,c.287G>A,Benign
Y98C,98,-3.79937206841076,FUNC,c.293A>G,Benign
R99I,99,-2.63456865911672,FUNC,c.296G>T,Benign
V102I,102,-3.19328937416281,FUNC,c.304G>A,Benign
K104E,104,-2.54467497262261,FUNC,c.310A>G,Benign
K104N,104,-3.69398295798636,FUNC,c.312G>T,Benign
R106K,106,0.0,INT,c.317G>A,Benign
R106G,106,-4.35139719043556,FUNC,c.316A>G,Benign
N109D,109,-2.09813214112247,FUNC,c.325A>G,Benign
K122T,122,-3.25156757283538,FUNC,c.365A>C,Benign
P125S,125,-3.05496643885102,FUNC,c.373C>T,Benign
N127S,127,-3.11600145003463,FUNC,c.380A>G,Benign
L128P,128,-4.66574828276055,FUNC,c.383T>C,Benign
S129P,129,-3.03024659249866,FUNC,c.385T>C,Benign
S142L,142,-4.85808571529355,FUNC,c.425C>T,Benign
G149R,149,3.25622492729768,LOF,c.445G>C,Pathogenic
S153A,153,-3.91567230301812,FUNC,c.457T>G,Benign
A154P,154,-3.21553591352467,FUNC,c.460G>C,Benign
V161D,161,2.39851299104669,LOF,c.482T>A,Pathogenic
G162R,162,2.28203339175157,LOF,c.484G>A,Pathogenic
V163G,163,2.53480087176162,LOF,c.488T>G,Pathogenic
V163D,163,3.10702124137895,LOF,c.488T>A,Pathogenic
G164W,164,0.0,INT,c.490G>T,Pathogenic
G164E,164,3.12863237715409,LOF,c.491G>A,Pathogenic
G164R,164,2.98490927383923,LOF,c.490G>C,Pathogenic
G164R,164,2.98490927383923,LOF,c.490G>A,Pathogenic
Y165D,165,2.96358002814171,LOF,c.493T>G,Pathogenic
D167H,167,-1.91144272746125,FUNC,c.499G>C,Benign
I169V,169,-2.40056962485888,FUNC,c.505A>G,Benign
L173R,173,3.52004702541897,LOF,c.518T>G,Pathogenic
L173P,173,2.98895287031435,LOF,c.518T>C,Pathogenic
Q183R,183,-2.95053818384798,FUNC,c.548A>G,Benign
S185P,185,-3.09943841571085,FUNC,c.553T>C,Benign
L187H,187,2.47899286736473,LOF,c.560T>A,Pathogenic
L187P,187,2.72601536853872,LOF,c.560T>C,Pathogenic
L187R,187,3.15982058663929,LOF,c.560T>G,Pathogenic
A189V,189,-2.9440512753729,FUNC,c.566C>T,Benign
L190P,190,2.27204455287994,LOF,c.569T>C,Pathogenic
L191R,191,3.11581885142469,LOF,c.572T>G,Pathogenic
Q193K,193,-2.30911350618591,FUNC,c.577C>A,Benign
G195R,195,-2.70587209524426,FUNC,c.583G>C,Benign
E198K,198,3.03706244734741,LOF,c.592G>A,Pathogenic
E198G,198,3.47384405272155,LOF,c.593A>G,Benign
E198A,198,2.67333581791252,LOF,c.593A>C,Pathogenic
C199W,199,0.713144836547326,LOF,c.597T>G,Pathogenic
C199R,199,3.31803369218185,LOF,c.595T>C,Pathogenic
V200D,200,3.30796384531712,LOF,c.599T>A,Pathogenic
G203A,203,-5.73448054754231,FUNC,c.608G>C,Benign
E205D,205,-3.32333078184336,FUNC,c.615G>T,Benign
A207V,207,-3.60931648856144,FUNC,c.620C>T,Benign
M210I,210,-3.66241393184553,FUNC,c.630G>A,Benign
K212R,212,-3.03764925316634,FUNC,c.635A>G,Benign
I217V,217,-4.89095020337236,FUNC,c.649A>G,Benign
E226K,226,-4.32254611460568,FUNC,c.676G>A,Benign
R227I,227,-5.34483141075672,FUNC,c.680G>T,Benign
T234K,234,-5.54295940973908,FUNC,c.701C>A,Benign
K249E,249,-4.51177009084763,FUNC,c.745A>G,Benign
Q252L,252,-4.69406758317426,FUNC,c.755A>T,Benign
M253I,253,0.0,INT,c.759G>C,Benign
V267L,267,-4.26683501370297,FUNC,c.799G>C,Benign
V267I,267,-2.7399163497121,FUNC,c.799G>A,Benign
L270R,270,1.99511583860092,LOF,c.809T>G,Pathogenic
A272V,272,-4.27382330185493,FUNC,c.815C>T,Benign
S281L,281,-3.74164470117535,FUNC,c.842C>T,Benign
D283Y,283,-5.43184348154946,FUNC,c.847G>T,Benign
D283V,283,-5.46129032607625,FUNC,c.848A>T,Benign
Q288R,288,-4.02592903413938,FUNC,c.863A>G,Benign
T292I,292,-3.54084951701323,FUNC,c.875C>T,Benign
D295A,295,-2.2855294420186,FUNC,c.884A>C,Benign
Y299N,299,-4.48490553143888,FUNC,c.895T>A,Benign
K301R,301,-5.44362084553891,FUNC,c.902A>G,Benign
L310P,310,3.67553664369954,LOF,c.929T>C,Pathogenic
L310R,310,3.77366541051008,LOF,c.929T>G,Pathogenic
L312P,312,-2.38182003550572,FUNC,c.935T>C,Benign
Q314H,314,-2.58384657499452,FUNC,c.942G>T,Pathogenic
G315V,315,-2.54724274465887,FUNC,c.944G>T,Benign
S316W,316,-5.69932379241445,FUNC,c.947_948delinsGG,Benign
V317I,317,-4.04597286783476,FUNC,c.949G>A,Benign
G322D,322,-3.55898455090065,FUNC,c.965G>A,Benign
A328S,328,-5.2449904125481,FUNC,c.982G>T,Benign
L330P,330,2.16735136510256,LOF,c.989T>C,Pathogenic
L330R,330,1.97157748099488,LOF,c.989T>G,Pathogenic
K332R,332,-4.02449109719633,FUNC,c.995A>G,Benign
C333Y,333,2.77378297366933,LOF,c.998G>A,Pathogenic
C333W,333,1.94147027056814,LOF,c.999T>G,Pathogenic
C333R,333,2.79646610659985,LOF,c.997T>C,Pathogenic
T335S,335,-4.13813351283457,FUNC,c.1003A>T,Benign
T335P,335,2.71087696965471,LOF,c.1003A>C,Pathogenic
T335A,335,2.13323714850585,LOF,c.1003A>G,Pathogenic
G338D,338,2.95410359046918,LOF,c.1013_1014delinsAT,Pathogenic
G338E,338,2.43374624990225,LOF,c.1013G>A,Pathogenic
G338R,338,2.61363666033589,LOF,c.1012G>C,Pathogenic
G338R,338,2.61363666033589,LOF,c.1012G>A,Pathogenic
L341P,341,2.51254814274689,LOF,c.1022T>C,Pathogenic
Q344E,344,-3.82235440618378,FUNC,c.1030C>G,Benign
P349R,349,2.59786551708927,LOF,c.1046_1047delinsGC,Pathogenic
P349R,349,2.59786551708927,LOF,c.1046C>G,Pathogenic
P349L,349,2.58461280448074,LOF,c.1046C>T,Pathogenic
P349H,349,2.86322536301436,LOF,c.1046C>A,Pathogenic
P349T,349,2.10558992920073,LOF,c.1045C>A,Pathogenic
R355K,355,-5.2136840764099,FUNC,c.1064G>A,Benign
I356R,356,2.34201653668233,LOF,c.1067T>G,Pathogenic
R359I,359,2.65325013565027,LOF,c.1076G>T,Pathogenic
R359S,359,2.49030315688371,LOF,c.1077A>T,Pathogenic
R359G,359,2.79853724758571,LOF,c.1075A>G,Pathogenic
V367A,367,-4.36396212498358,FUNC,c.1100T>C,Benign
V367I,367,-3.85371207061825,FUNC,c.1099G>A,Benign
E371D,371,-5.28806056578514,FUNC,c.1113A>C,Benign
L376S,376,-2.7502553735045,FUNC,c.1127T>C,Benign
Q377E,377,-3.69144094710433,FUNC,c.1129C>G,Benign
E378A,378,-2.70553085808109,FUNC,c.1133A>C,Benign
A391G,391,-4.48909683695667,FUNC,c.1172C>G,Benign
Q395R,395,-2.8718265015436,FUNC,c.1184A>G,Benign
R396K,396,-3.27104172757051,FUNC,c.1187G>A,Benign
R396T,396,-3.78548439586772,FUNC,c.1187G>C,Benign
N400H,400,-3.29142633329022,FUNC,c.1198A>C,Benign
I411L,411,-3.5214108702469,FUNC,c.1231A>T,Benign
I411T,411,-2.57011924148447,FUNC,c.1232T>C,Benign
N412H,412,-3.53386853375347,FUNC,c.1234A>C,Benign
L414P,414,1.76630232948539,LOF,c.1241T>C,Pathogenic
P415H,415,-5.32854172809227,FUNC,c.1244C>A,Benign
Q419E,419,-4.15223075114093,FUNC,c.1255C>G,Benign
Q419K,419,0.0,INT,c.1255C>A,Benign
K423R,423,-4.57282488244353,FUNC,c.1268A>G,Benign
V437E,437,-3.04722430811462,FUNC,c.1310T>A,Benign
L440P,440,3.30747658956473,LOF,c.1319T>C,Pathogenic
L440R,440,4.6077627025386,LOF,c.1319T>G,Pathogenic
D446H,446,-2.0311544775231,FUNC,c.1336G>C,Benign
D446G,446,-4.38856945481641,FUNC,c.1337A>G,Benign
E452V,452,-3.46195419436678,FUNC,c.1355A>T,Pathogenic
M453K,453,-2.08382176348447,FUNC,c.1358T>A,Pathogenic
I454K,454,3.61291732865665,LOF,c.1361T>A,Pathogenic
E455G,455,-2.64463833649945,FUNC,c.1364A>G,Benign
E455A,455,-3.10302089877103,FUNC,c.1364A>C,Benign
T456R,456,-2.28910051968225,FUNC,c.1367C>G,Benign
M460I,460,-5.97655365063544,FUNC,c.1380G>A,Benign
L478R,478,2.24040087232516,LOF,c.1433T>G,Pathogenic
S479N,479,-3.61268824439292,FUNC,c.1436G>A,Benign
R482S,482,-3.00609627992789,FUNC,c.1446A>C,Benign
I484T,484,-2.20917211029826,FUNC,c.1451T>C,Benign
D487G,487,-3.56737284513522,FUNC,c.1460A>G,Benign
S498G,498,-4.67074638223454,FUNC,c.1492A>G,Benign
P507L,507,-4.57551225683595,FUNC,c.1520C>T,Benign
I511T,511,-3.08488765378443,FUNC,c.1532T>C,Benign
A517E,517,-4.01484276783365,FUNC,c.1550C>A,Benign
Q518E,518,-2.56979562882108,FUNC,c.1552C>G,Benign
R524P,524,3.33401200346854,LOF,c.1571G>C,Pathogenic
C527S,527,-3.66760001606356,FUNC,c.1579T>A,Benign
N535K,535,-5.92368640492082,FUNC,c.1605C>A,Benign
K537T,537,-3.26023608564024,FUNC,c.1610A>C,Benign
K537N,537,-2.631670786472,FUNC,c.1611A>C,Benign
N538I,538,-5.54799366933088,FUNC,c.1613A>T,Benign
T541N,541,-2.78729725398811,FUNC,c.1622C>A,Benign
D543A,543,-3.79105164415166,FUNC,c.1628A>C,Benign
S554C,554,-3.22638843560332,FUNC,c.1660A>T,Pathogenic
S554G,554,-4.214139621696,FUNC,c.1660A>G,Pathogenic
S554I,554,-4.17619346533694,FUNC,c.1661G>T,Pathogenic
S554T,554,-2.9057848292968,FUNC,c.1661G>C,Pathogenic
S554N,554,-2.53912655831252,FUNC,c.1661G>A,Pathogenic
L556W,556,0.997473689660212,LOF,c.1667T>G,Pathogenic
L556S,556,1.73553931822274,LOF,c.1667T>C,Pathogenic
N560D,560,-2.63604588159431,FUNC,c.1678A>G,Benign
T564A,564,-2.97411887376889,FUNC,c.1690A>G,Benign
K567E,567,-1.83869683589301,FUNC,c.1699A>G,Benign
E571K,571,-3.11092780183809,FUNC,c.1711G>A,Benign
A576P,576,0.233410237942618,LOF,c.1726G>C,Benign
I577T,577,-1.28454267258785,FUNC,c.1730T>C,Benign
E580A,580,-2.88502996386477,FUNC,c.1739A>C,Benign
N583T,583,-2.74454990465706,FUNC,c.1748A>C,Benign
I584V,584,-2.63790761510614,FUNC,c.1750A>G,Benign
S585A,585,-3.30772164205604,FUNC,c.1753T>G,Benign
G587S,587,-3.0020790295205,FUNC,c.1759G>A,Pathogenic
G587R,587,-2.22309442944531,FUNC,c.1759G>C,Pathogenic
G587C,587,-3.67368901905818,FUNC,c.1759G>T,Pathogenic
T594S,594,-3.57520183766898,FUNC,c.1780A>T,Benign
T594A,594,-3.3516034299495,FUNC,c.1780A>G,Benign
L595R,595,1.12720211749859,LOF,c.1784T>G,Pathogenic
V598L,598,-6.10140256165437,FUNC,c.1792G>C,Benign
A600V,600,1.16167402781924,LOF,c.1799C>T,Pathogenic
A600T,600,0.381374362358528,LOF,c.1798G>A,Benign
A600D,600,2.51754980289447,LOF,c.1799C>A,Pathogenic
D603G,603,0.0408330973199939,LOF,c.1808A>G,Pathogenic
D603Y,603,2.44689881406264,LOF,c.1807G>T,Pathogenic
A604D,604,2.87596210929366,LOF,c.1811C>A,Pathogenic
V606I,606,-4.89420192597497,FUNC,c.1816G>A,Benign
V611A,611,-4.12645972196778,FUNC,c.1832T>C,Benign
V611E,611,-4.50303842041999,FUNC,c.1832T>A,Pathogenic
S612P,612,-5.34123184911198,FUNC,c.1834T>C,Benign
N613H,613,-4.93023100010098,FUNC,c.1837A>C,Benign
G614R,614,-3.10118229075064,FUNC,c.1840G>A,Benign
P616L,616,-5.04931874676062,FUNC,c.1847C>T,Benign
V617A,617,-5.9031474188271,FUNC,c.1850T>C,Benign
V617I,617,-5.26558288851024,FUNC,c.1849G>A,Benign
Y619H,619,-5.60304379069709,FUNC,c.1855T>C,Benign
R621L,621,0.416972299417849,LOF,c.1862G>T,Pathogenic
P622L,622,2.28802390627654,LOF,c.1865C>T,Pathogenic
P622T,622,2.62273799019356,LOF,c.1864C>A,Pathogenic
A623S,623,-6.05392822691075,FUNC,c.1867G>T,Benign
Q629R,629,-4.29311341071539,FUNC,c.1886A>G,Benign
G630R,630,-6.00856117590566,FUNC,c.1888G>C,Benign
R631I,631,-5.14243234738915,FUNC,c.1892G>T,Benign
I632S,632,-4.02972481208947,FUNC,c.1895T>G,Benign
K635T,635,-6.0202631913272,FUNC,c.1904A>C,Benign
A636P,636,2.89063102411141,LOF,c.1906G>C,Pathogenic
A636T,636,-6.24533842722562,FUNC,c.1906G>A,Benign
H639Y,639,-5.03671433200079,FUNC,c.1915C>T,Pathogenic
A640S,640,-3.19767577200141,FUNC,c.1918G>T,Benign
V642I,642,-5.77120152350966,FUNC,c.1924G>A,Benign
V644I,644,-5.03516573608899,FUNC,c.1930G>A,Benign
E647K,647,-3.66616811880967,FUNC,c.1939G>A,Benign
I648V,648,-5.06882820101586,FUNC,c.1942A>G,Benign
P652H,652,-4.92130492401817,FUNC,c.1955C>A,Pathogenic
P652R,652,-4.70156697361972,FUNC,c.1955C>G,Benign
D654N,654,-6.20926381221795,FUNC,c.1960G>A,Benign
V655L,655,-3.33105228751994,FUNC,c.1963G>T,Benign
D660G,660,-4.01316392451217,FUNC,c.1979A>G,Pathogenic
Q662R,662,-5.01019514641632,FUNC,c.1985A>G,Benign
M663V,663,-5.46086140289751,FUNC,c.1987A>G,Benign
I667M,667,-5.26474841099112,FUNC,c.2001T>G,Benign
G669V,669,3.08027463966697,LOF,c.2006_2007delinsTT,Pathogenic
G669V,669,3.08027463966697,LOF,c.2006G>T,Pathogenic
P670R,670,-2.34786874684589,FUNC,c.2009C>G,Benign
N671Y,671,3.11427848277202,LOF,c.2011A>T,Pathogenic
N671I,671,2.62829806529828,LOF,c.2012A>T,Pathogenic
G674S,674,-1.32474425108177,FUNC,c.2020G>A,Pathogenic
G674R,674,2.39598497832622,LOF,c.2020G>C,Pathogenic
G674D,674,2.54620464705978,LOF,c.2021G>A,Pathogenic
G674V,674,3.31150732693852,LOF,c.2021G>T,Pathogenic
S676P,676,2.85610187735996,LOF,c.2026T>C,Pathogenic
S676L,676,2.57032898870991,LOF,c.2027C>T,Pathogenic
R680P,680,2.44865854648868,LOF,c.2039G>C,Pathogenic
T682S,682,-4.22399260288238,FUNC,c.2045C>G,Benign
G683R,683,2.30129980041753,LOF,c.2047G>C,Pathogenic
G683R,683,2.30129980041753,LOF,c.2047G>A,Pathogenic
V684M,684,-5.32957845991922,FUNC,c.2050G>A,Benign
I685R,685,2.38668038271354,LOF,c.2054T>G,Pathogenic
L687R,687,2.1756616704561,LOF,c.2060T>G,Pathogenic
M688R,688,2.3120449556859,LOF,c.2063T>G,Pathogenic
M688V,688,-2.6054596489389,FUNC,c.2062A>G,Pathogenic
A689P,689,2.52531744554706,LOF,c.2065G>C,Pathogenic
G692R,692,2.26567767378791,LOF,c.2074G>A,Pathogenic
G692R,692,2.26567767378791,LOF,c.2074G>C,Pathogenic
G692V,692,2.39326170034769,LOF,c.2075G>T,Pathogenic
C693W,693,2.56211132230197,LOF,c.2079T>G,Pathogenic
V695M,695,4.51083309321755,LOF,c.2083G>A,Pathogenic
P696L,696,2.1361735917197,LOF,c.2087C>T,Pathogenic
P696R,696,2.0651057267178,LOF,c.2087C>G,Pathogenic
C697Y,697,2.10240639572406,LOF,c.2090G>A,Pathogenic
C697S,697,-3.11430261690524,FUNC,c.2090G>C,Pathogenic
C697R,697,2.48580859126197,LOF,c.2089T>C,Pathogenic
C697W,697,2.91573236279922,LOF,c.2091T>G,Pathogenic
S699P,699,1.06063183456546,LOF,c.2095T>C,Benign
A700E,700,1.91723483923591,LOF,c.2099C>A,Pathogenic
E701K,701,-4.5787605477605,FUNC,c.2101G>A,Benign
R711P,711,2.17357686188166,LOF,c.2132G>C,Pathogenic
S717G,717,-3.37150411362275,FUNC,c.2149A>G,Benign
M726I,726,0.0,INT,c.2178G>T,Benign
M726I,726,0.0,INT,c.2178G>A,Benign
T732P,732,1.72931887051613,LOF,c.2194A>C,Pathogenic
R737K,737,-5.08563819070965,FUNC,c.2210G>A,Pathogenic
D748Y,748,2.5764302900154,LOF,c.2242G>T,Pathogenic
E749K,749,2.11405635062226,LOF,c.2245G>A,Pathogenic
E749G,749,2.35489671244417,LOF,c.2246A>G,Pathogenic
G751R,751,2.29725738331102,LOF,c.2251G>C,Pathogenic
G751R,751,2.29725738331102,LOF,c.2251G>A,Pathogenic
G761R,761,2.19345526095877,LOF,c.2281G>A,Pathogenic
A763P,763,1.87784520384166,LOF,c.2287G>C,Pathogenic
K773E,773,-3.16144235132601,FUNC,c.2317A>G,Benign
I774V,774,-3.96971856354206,FUNC,c.2320A>G,Pathogenic
H785D,785,-2.44928161480359,FUNC,c.2353C>G,Benign
P795S,795,-2.30448153953124,FUNC,c.2383C>T,Benign
N798K,798,-4.18726230991194,FUNC,c.2394T>G,Benign
L800V,800,-3.14979184283678,FUNC,c.2398C>G,Benign
L800P,800,2.72411317884147,LOF,c.2399T>C,Pathogenic
H801P,801,2.54144790682663,LOF,c.2402A>C,Pathogenic
T807S,807,-2.77560264078198,FUNC,c.2419A>T,Benign
E809G,809,-2.94988358241253,FUNC,c.2426A>G,Benign
C822S,822,-4.71735634768276,FUNC,c.2465G>C,Benign
E832D,832,-2.87566157779496,FUNC,c.2496G>T,Benign
A834T,834,-5.6975475061668,FUNC,c.2500G>A,Benign
H839Q,839,-6.53435949319017,FUNC,c.2517T>G,Benign
C843S,843,-6.65194776567988,FUNC,c.2528G>C,Benign
K845Q,845,-4.03848604876673,FUNC,c.2533A>C,Benign
S860L,860,-3.59158058359994,FUNC,c.2579C>T,Benign
Y863D,863,-4.55006010957244,FUNC,c.2587T>G,Benign
M866V,866,-5.60416898416711,FUNC,c.2596A>G,Benign
E876D,876,-4.44505801504289,FUNC,c.2628A>C,Benign
K882N,882,-4.83580595180172,FUNC,c.2646A>T,Benign
E886V,886,-4.53797757508618,FUNC,c.2657A>T,Benign
Q893R,893,-5.42318433168286,FUNC,c.2678A>G,Benign
M894R,894,-3.68853652780929,FUNC,c.2681T>G,Benign
P895S,895,-2.16115393412608,FUNC,c.2683C>T,Benign
N903K,903,-2.48286356610207,FUNC,c.2709C>G,Benign
T905R,905,-3.66761446116851,FUNC,c.2714C>G,Benign
S928L,928,-2.31587854655411,FUNC,c.2783C>T,Benign
K931E,931,-2.43272430021984,FUNC,c.2791A>G,Benign
T934A,934,-3.00447722313383,FUNC,c.2800A>G,Benign
