gene,chromosome,transcript_ID,transcript_variant,protein_variant,consequence,function.score.mean,func.class,VARITY_ER
BRCA1,17,NM_007294.3,c.1A>C,M1L,Missense,-2.51652937334305,LOF,0.8
BRCA1,17,NM_007294.3,c.1A>T,M1L,Missense,-1.9656286042014,LOF,0.8
BRCA1,17,NM_007294.3,c.1A>G,M1V,Missense,-2.02564472903696,LOF,0.7979999999999999
BRCA1,17,NM_007294.3,c.2T>A,M1K,Missense,-1.6367004566288,LOF,0.8059999999999999
BRCA1,17,NM_007294.3,c.2T>C,M1T,Missense,-1.65656907663554,LOF,0.718
BRCA1,17,NM_007294.3,c.2T>G,M1R,Missense,-2.4815795549735,LOF,0.81
BRCA1,17,NM_007294.3,c.3G>A,M1I,Missense,-2.50212823274764,LOF,0.7070000000000001
BRCA1,17,NM_007294.3,c.3G>C,M1I,Missense,-2.22610742672219,LOF,0.7070000000000001
BRCA1,17,NM_007294.3,c.3G>T,M1I,Missense,-1.89730149043368,LOF,0.7070000000000001
BRCA1,17,NM_007294.3,c.4G>A,D2N,Missense,-0.682954463032835,FUNC,0.259
BRCA1,17,NM_007294.3,c.4G>C,D2H,Missense,-1.47383080582929,LOF,0.345
BRCA1,17,NM_007294.3,c.4G>T,D2Y,Missense,-0.256094696263827,FUNC,0.369
BRCA1,17,NM_007294.3,c.5A>C,D2A,Missense,-0.180781768085747,FUNC,0.22
BRCA1,17,NM_007294.3,c.5A>G,D2G,Missense,-1.01782797782734,INT,0.293
BRCA1,17,NM_007294.3,c.5A>T,D2V,Missense,-1.1594980212777,INT,0.27
BRCA1,17,NM_007294.3,c.6T>A,D2E,Missense,-0.00212655811895148,FUNC,0.245
BRCA1,17,NM_007294.3,c.6T>G,D2E,Missense,0.08869598453292141,FUNC,0.245
BRCA1,17,NM_007294.3,c.7T>A,L3I,Missense,0.0219005007232084,FUNC,0.121
BRCA1,17,NM_007294.3,c.7T>G,L3V,Missense,-0.0500459285012336,FUNC,0.0819999999999999
BRCA1,17,NM_007294.3,c.8T>A,L3*,Nonsense,-2.67410841645749,LOF,
BRCA1,17,NM_007294.3,c.8T>G,L3*,Nonsense,-3.65034797244986,LOF,
BRCA1,17,NM_007294.3,c.8T>C,L3S,Missense,-0.0664564027844771,FUNC,0.244
BRCA1,17,NM_007294.3,c.9A>C,L3F,Missense,-0.341922832016336,FUNC,0.105
BRCA1,17,NM_007294.3,c.9A>T,L3F,Missense,-0.605356370320219,FUNC,0.105
BRCA1,17,NM_007294.3,c.10T>A,S4T,Missense,0.0376395031614976,FUNC,0.083
BRCA1,17,NM_007294.3,c.10T>C,S4P,Missense,-0.330095865138841,FUNC,0.158
BRCA1,17,NM_007294.3,c.10T>G,S4A,Missense,0.0736912909433332,FUNC,0.076
BRCA1,17,NM_007294.3,c.11C>A,S4Y,Missense,-0.255390243949249,FUNC,0.122
BRCA1,17,NM_007294.3,c.11C>G,S4C,Missense,-0.245299044058534,FUNC,0.109
BRCA1,17,NM_007294.3,c.11C>T,S4F,Missense,-0.495238709687705,FUNC,0.1119999999999999
BRCA1,17,NM_007294.3,c.13G>A,A5T,Missense,-0.0878381970969909,FUNC,0.046
BRCA1,17,NM_007294.3,c.13G>C,A5P,Missense,-0.892859052937805,INT,0.149
BRCA1,17,NM_007294.3,c.13G>T,A5S,Missense,-0.261440553945555,FUNC,0.057
BRCA1,17,NM_007294.3,c.14C>A,A5D,Missense,0.132687421458342,FUNC,0.125
BRCA1,17,NM_007294.3,c.14C>G,A5G,Missense,-0.5916092753888,FUNC,0.053
BRCA1,17,NM_007294.3,c.14C>T,A5V,Missense,0.314079800080404,FUNC,0.04
BRCA1,17,NM_007294.3,c.16C>A,L6I,Missense,-0.114585698691009,FUNC,0.08
BRCA1,17,NM_007294.3,c.16C>G,L6V,Missense,0.163586304203768,FUNC,0.064
BRCA1,17,NM_007294.3,c.16C>T,L6F,Missense,-0.180958272634677,FUNC,0.091
BRCA1,17,NM_007294.3,c.17T>A,L6H,Missense,-0.0381968456076487,FUNC,0.086
BRCA1,17,NM_007294.3,c.17T>C,L6P,Missense,0.326952510113036,FUNC,0.1369999999999999
BRCA1,17,NM_007294.3,c.17T>G,L6R,Missense,-0.195369135488555,FUNC,0.1009999999999999
BRCA1,17,NM_007294.3,c.19C>A,R7S,Missense,-0.921591673894526,INT,0.162
BRCA1,17,NM_007294.3,c.19C>G,R7G,Missense,-0.311500807458905,FUNC,0.157
BRCA1,17,NM_007294.3,c.19C>T,R7C,Missense,-0.148867100203426,FUNC,0.0969999999999999
BRCA1,17,NM_007294.3,c.20G>A,R7H,Missense,-0.539420688452674,FUNC,0.064
BRCA1,17,NM_007294.3,c.20G>C,R7P,Missense,-0.192425586356532,FUNC,0.217
BRCA1,17,NM_007294.3,c.20G>T,R7L,Missense,-0.0164585518325097,FUNC,0.132
BRCA1,17,NM_007294.3,c.22G>A,V8I,Missense,-0.56091866284254,FUNC,0.048
BRCA1,17,NM_007294.3,c.22G>C,V8L,Missense,-0.448267493087877,FUNC,0.1009999999999999
BRCA1,17,NM_007294.3,c.22G>T,V8F,Missense,-0.569226807221544,FUNC,0.113
BRCA1,17,NM_007294.3,c.23T>A,V8D,Missense,-1.12167589876894,INT,0.5
BRCA1,17,NM_007294.3,c.23T>C,V8A,Missense,0.22340649707733,FUNC,0.145
BRCA1,17,NM_007294.3,c.23T>G,V8G,Missense,-0.312289330139422,FUNC,0.281
BRCA1,17,NM_007294.3,c.25G>A,E9K,Missense,-0.649333464018167,FUNC,0.086
BRCA1,17,NM_007294.3,c.25G>C,E9Q,Missense,-0.292376184810078,FUNC,0.046
BRCA1,17,NM_007294.3,c.25G>T,E9*,Nonsense,-1.94255575488369,LOF,
BRCA1,17,NM_007294.3,c.26A>C,E9A,Missense,0.236742528994922,FUNC,0.078
BRCA1,17,NM_007294.3,c.26A>G,E9G,Missense,-0.145407855200815,FUNC,0.103
BRCA1,17,NM_007294.3,c.26A>T,E9V,Missense,-0.252637874039314,FUNC,0.134
BRCA1,17,NM_007294.3,c.27A>C,E9D,Missense,-0.129703625139465,FUNC,0.09
BRCA1,17,NM_007294.3,c.27A>T,E9D,Missense,-0.401406461500291,FUNC,0.09
BRCA1,17,NM_007294.3,c.28G>A,E10K,Missense,-0.769615878983769,INT,0.4529999999999999
BRCA1,17,NM_007294.3,c.28G>C,E10Q,Missense,-0.403286540026543,FUNC,0.315
BRCA1,17,NM_007294.3,c.28G>T,E10*,Nonsense,-2.35272738562521,LOF,
BRCA1,17,NM_007294.3,c.29A>C,E10A,Missense,-0.0319006778297286,FUNC,0.223
BRCA1,17,NM_007294.3,c.29A>G,E10G,Missense,-0.183632895124666,FUNC,0.292
BRCA1,17,NM_007294.3,c.29A>T,E10V,Missense,-0.851903168569957,INT,0.26
BRCA1,17,NM_007294.3,c.30A>C,E10D,Missense,-0.116327290438585,FUNC,0.3229999999999999
BRCA1,17,NM_007294.3,c.30A>T,E10D,Missense,0.0104485547113585,FUNC,0.3229999999999999
BRCA1,17,NM_007294.3,c.31G>A,V11I,Missense,-0.313424946240524,FUNC,0.29
BRCA1,17,NM_007294.3,c.31G>C,V11L,Missense,-1.14195506703003,INT,0.408
BRCA1,17,NM_007294.3,c.31G>T,V11L,Missense,-1.1680166594663,INT,0.408
BRCA1,17,NM_007294.3,c.32T>A,V11E,Missense,-2.20488274643452,LOF,0.521
BRCA1,17,NM_007294.3,c.32T>C,V11A,Missense,-0.126650277002018,FUNC,0.292
BRCA1,17,NM_007294.3,c.32T>G,V11G,Missense,-2.47449709015521,LOF,0.3329999999999999
BRCA1,17,NM_007294.3,c.34C>A,Q12K,Missense,0.0785666221560315,FUNC,0.088
BRCA1,17,NM_007294.3,c.34C>G,Q12E,Missense,-0.387357108661802,FUNC,0.1669999999999999
BRCA1,17,NM_007294.3,c.34C>T,Q12*,Nonsense,-1.89246157412393,LOF,
BRCA1,17,NM_007294.3,c.35A>C,Q12P,Missense,-2.1847547529789,LOF,0.312
BRCA1,17,NM_007294.3,c.35A>G,Q12R,Missense,0.31364873883553,FUNC,0.147
BRCA1,17,NM_007294.3,c.35A>T,Q12L,Missense,0.119074367258883,FUNC,0.128
BRCA1,17,NM_007294.3,c.36A>C,Q12H,Missense,0.0311627938030909,FUNC,0.109
BRCA1,17,NM_007294.3,c.36A>T,Q12H,Missense,-0.175873386814908,FUNC,0.109
BRCA1,17,NM_007294.3,c.37A>C,N13H,Missense,0.155809001215628,FUNC,0.17
BRCA1,17,NM_007294.3,c.37A>G,N13D,Missense,0.316276815670123,FUNC,0.2339999999999999
BRCA1,17,NM_007294.3,c.37A>T,N13Y,Missense,-0.504029039954484,FUNC,0.239
BRCA1,17,NM_007294.3,c.38A>C,N13T,Missense,0.171094586178767,FUNC,0.154
BRCA1,17,NM_007294.3,c.38A>G,N13S,Missense,-0.0720163850844163,FUNC,0.138
BRCA1,17,NM_007294.3,c.38A>T,N13I,Missense,-0.578107176714707,FUNC,0.284
BRCA1,17,NM_007294.3,c.39T>A,N13K,Missense,-0.0418711301411099,FUNC,0.1989999999999999
BRCA1,17,NM_007294.3,c.39T>G,N13K,Missense,-0.299074923117612,FUNC,0.1989999999999999
BRCA1,17,NM_007294.3,c.40G>A,V14I,Missense,-0.00656432258964985,FUNC,0.231
BRCA1,17,NM_007294.3,c.40G>C,V14L,Missense,-0.548239954638154,FUNC,0.288
BRCA1,17,NM_007294.3,c.40G>T,V14F,Missense,-1.43176219554685,LOF,0.262
BRCA1,17,NM_007294.3,c.41T>A,V14D,Missense,-1.23390488739974,INT,0.524
BRCA1,17,NM_007294.3,c.41T>C,V14A,Missense,0.062406302949053,FUNC,0.2739999999999999
BRCA1,17,NM_007294.3,c.41T>G,V14G,Missense,-1.8612150523609,LOF,0.3
BRCA1,17,NM_007294.3,c.43A>C,I15L,Missense,0.0826831586701175,FUNC,0.092
BRCA1,17,NM_007294.3,c.43A>G,I15V,Missense,-0.58041586484571,FUNC,0.123
BRCA1,17,NM_007294.3,c.43A>T,I15F,Missense,-1.32040948296724,INT,0.162
BRCA1,17,NM_007294.3,c.44T>A,I15N,Missense,-2.63305342929592,LOF,0.414
BRCA1,17,NM_007294.3,c.44T>C,I15T,Missense,-2.09697257117144,LOF,0.182
BRCA1,17,NM_007294.3,c.44T>G,I15S,Missense,-1.83471135433156,LOF,0.3329999999999999
BRCA1,17,NM_007294.3,c.45T>G,I15M,Missense,-0.638691852982005,FUNC,0.187
BRCA1,17,NM_007294.3,c.46A>C,N16H,Missense,-0.140590292773857,FUNC,0.044
BRCA1,17,NM_007294.3,c.46A>G,N16D,Missense,-0.172551302798021,FUNC,0.088
BRCA1,17,NM_007294.3,c.46A>T,N16Y,Missense,-0.353923267413801,FUNC,0.069
BRCA1,17,NM_007294.3,c.47A>C,N16T,Missense,0.148421579767673,FUNC,0.066
BRCA1,17,NM_007294.3,c.47A>G,N16S,Missense,-0.333605413119007,FUNC,0.049
BRCA1,17,NM_007294.3,c.47A>T,N16I,Missense,0.510672527059461,FUNC,0.084
BRCA1,17,NM_007294.3,c.48T>A,N16K,Missense,-0.291203178754204,FUNC,0.107
BRCA1,17,NM_007294.3,c.48T>G,N16K,Missense,0.061939541585395,FUNC,0.107
BRCA1,17,NM_007294.3,c.49G>A,A17T,Missense,-0.329703976204377,FUNC,0.276
BRCA1,17,NM_007294.3,c.49G>C,A17P,Missense,-2.8798217378467,LOF,0.516
BRCA1,17,NM_007294.3,c.49G>T,A17S,Missense,0.244995540364458,FUNC,0.238
BRCA1,17,NM_007294.3,c.50C>A,A17D,Missense,0.0908070667072376,FUNC,0.359
BRCA1,17,NM_007294.3,c.50C>G,A17G,Missense,-0.180847973262728,FUNC,0.135
BRCA1,17,NM_007294.3,c.50C>T,A17V,Missense,-0.677930244801608,FUNC,0.193
BRCA1,17,NM_007294.3,c.52A>C,M18L,Missense,-0.0617858138271981,FUNC,0.6920000000000001
BRCA1,17,NM_007294.3,c.52A>T,M18L,Missense,-0.0567890448928917,FUNC,0.6920000000000001
BRCA1,17,NM_007294.3,c.52A>G,M18V,Missense,-0.947284908003992,INT,0.6970000000000001
BRCA1,17,NM_007294.3,c.53T>A,M18K,Missense,-2.39048069455324,LOF,0.799
BRCA1,17,NM_007294.3,c.53T>C,M18T,Missense,-1.88743016250199,LOF,0.703
BRCA1,17,NM_007294.3,c.53T>G,M18R,Missense,-2.44598808427358,LOF,0.8059999999999999
BRCA1,17,NM_007294.3,c.54G>A,M18I,Missense,-0.288552682219596,FUNC,0.773
BRCA1,17,NM_007294.3,c.54G>C,M18I,Missense,-0.160921304812782,FUNC,0.773
BRCA1,17,NM_007294.3,c.54G>T,M18I,Missense,-0.193845986770455,FUNC,0.773
BRCA1,17,NM_007294.3,c.55C>A,Q19K,Missense,-0.308824720869346,FUNC,0.321
BRCA1,17,NM_007294.3,c.55C>G,Q19E,Missense,-0.170930864062617,FUNC,0.303
BRCA1,17,NM_007294.3,c.55C>T,Q19*,Nonsense,-1.84113586609137,LOF,
BRCA1,17,NM_007294.3,c.56A>C,Q19P,Missense,-2.16905784149199,LOF,0.409
BRCA1,17,NM_007294.3,c.56A>G,Q19R,Missense,0.0502988982912768,FUNC,0.292
BRCA1,17,NM_007294.3,c.56A>T,Q19L,Missense,-0.0170689180808018,FUNC,0.209
BRCA1,17,NM_007294.3,c.57G>C,Q19H,Missense,-0.194105101374487,FUNC,0.214
BRCA1,17,NM_007294.3,c.57G>T,Q19H,Missense,-0.509053283219051,FUNC,0.214
BRCA1,17,NM_007294.3,c.58A>C,K20Q,Missense,-0.780493804051044,INT,0.275
BRCA1,17,NM_007294.3,c.58A>G,K20E,Missense,-0.419304746954729,FUNC,0.418
BRCA1,17,NM_007294.3,c.58A>T,K20*,Nonsense,-2.20929567342254,LOF,
BRCA1,17,NM_007294.3,c.59A>C,K20T,Missense,-0.222575795360717,FUNC,0.236
BRCA1,17,NM_007294.3,c.59A>G,K20R,Missense,-0.076775943203518,FUNC,0.2769999999999999
BRCA1,17,NM_007294.3,c.59A>T,K20I,Missense,-0.207838344811351,FUNC,0.289
BRCA1,17,NM_007294.3,c.60A>C,K20N,Missense,-0.360313135753224,FUNC,0.3329999999999999
BRCA1,17,NM_007294.3,c.60A>T,K20N,Missense,-0.340886802751699,FUNC,0.3329999999999999
BRCA1,17,NM_007294.3,c.61A>C,I21L,Missense,0.244697521338296,FUNC,0.22
BRCA1,17,NM_007294.3,c.61A>G,I21V,Missense,-0.147346078310098,FUNC,0.085
BRCA1,17,NM_007294.3,c.61A>T,I21F,Missense,-0.432698516452122,FUNC,0.303
BRCA1,17,NM_007294.3,c.62T>A,I21N,Missense,-0.215462980393704,FUNC,0.42
BRCA1,17,NM_007294.3,c.62T>C,I21T,Missense,0.0726212923152069,FUNC,0.267
BRCA1,17,NM_007294.3,c.62T>G,I21S,Missense,0.202374414236054,FUNC,0.357
BRCA1,17,NM_007294.3,c.63C>G,I21M,Missense,-0.527949051398302,FUNC,0.258
BRCA1,17,NM_007294.3,c.64T>A,L22I,Missense,-0.625778259428958,FUNC,0.3929999999999999
BRCA1,17,NM_007294.3,c.64T>G,L22V,Missense,-0.263422078603365,FUNC,0.366
BRCA1,17,NM_007294.3,c.65T>A,L22*,Nonsense,-1.96141420301698,LOF,
BRCA1,17,NM_007294.3,c.65T>G,L22*,Nonsense,-2.17809513750892,LOF,
BRCA1,17,NM_007294.3,c.65T>C,L22S,Missense,-2.10667578876765,LOF,0.414
BRCA1,17,NM_007294.3,c.66A>C,L22F,Missense,-0.33315091053469,FUNC,0.237
BRCA1,17,NM_007294.3,c.66A>T,L22F,Missense,-0.7019804360656,FUNC,0.237
BRCA1,17,NM_007294.3,c.67G>A,E23K,Missense,-0.342968970516733,FUNC,0.514
BRCA1,17,NM_007294.3,c.67G>C,E23Q,Missense,0.252641450491044,FUNC,0.326
BRCA1,17,NM_007294.3,c.67G>T,E23*,Nonsense,-2.10231492900379,LOF,
BRCA1,17,NM_007294.3,c.68A>C,E23A,Missense,-0.608742915773584,FUNC,0.414
BRCA1,17,NM_007294.3,c.68A>G,E23G,Missense,-0.843385010197707,INT,0.412
BRCA1,17,NM_007294.3,c.68A>T,E23V,Missense,0.135861256938137,FUNC,0.349
BRCA1,17,NM_007294.3,c.69G>C,E23D,Missense,-1.0667011016788,INT,0.3279999999999999
BRCA1,17,NM_007294.3,c.69G>T,E23D,Missense,-0.873206893106045,INT,0.3279999999999999
BRCA1,17,NM_007294.3,c.70T>A,C24S,Missense,-1.49833581960485,LOF,0.919
BRCA1,17,NM_007294.3,c.71G>C,C24S,Missense,-1.88032705628737,LOF,0.919
BRCA1,17,NM_007294.3,c.70T>C,C24R,Missense,-2.78523997945063,LOF,0.964
BRCA1,17,NM_007294.3,c.70T>G,C24G,Missense,-2.31508727898479,LOF,0.946
BRCA1,17,NM_007294.3,c.71G>A,C24Y,Missense,-2.14268375955679,LOF,0.949
BRCA1,17,NM_007294.3,c.71G>T,C24F,Missense,-1.27827379877892,INT,0.956
BRCA1,17,NM_007294.3,c.72T>A,C24*,Nonsense,-2.31090766616382,LOF,
BRCA1,17,NM_007294.3,c.72T>G,C24W,Missense,-2.73591085460351,LOF,0.8859999999999999
BRCA1,17,NM_007294.3,c.73C>A,P25T,Missense,-0.194290415479458,FUNC,0.36
BRCA1,17,NM_007294.3,c.73C>G,P25A,Missense,0.437601909411023,FUNC,0.282
BRCA1,17,NM_007294.3,c.73C>T,P25S,Missense,0.0528508335643715,FUNC,0.297
BRCA1,17,NM_007294.3,c.74C>G,P25R,Missense,-0.202953504790366,FUNC,0.414
BRCA1,17,NM_007294.3,c.74C>T,P25L,Missense,-1.66083571915168,LOF,0.412
BRCA1,17,NM_007294.3,c.76A>C,I26L,Missense,-0.834112338192994,INT,0.319
BRCA1,17,NM_007294.3,c.76A>G,I26V,Missense,-0.0102689630162162,FUNC,0.267
BRCA1,17,NM_007294.3,c.77T>A,I26N,Missense,-1.98754345492074,LOF,0.763
BRCA1,17,NM_007294.3,c.77T>C,I26T,Missense,-1.90767384270355,LOF,0.564
BRCA1,17,NM_007294.3,c.77T>G,I26S,Missense,-1.09662949657375,INT,0.6779999999999999
BRCA1,17,NM_007294.3,c.78C>G,I26M,Missense,0.0759306605696321,FUNC,0.353
BRCA1,17,NM_007294.3,c.79T>A,C27S,Missense,-1.98032006467426,LOF,0.8
BRCA1,17,NM_007294.3,c.80G>C,C27S,Missense,-1.60474960199762,LOF,0.8
BRCA1,17,NM_007294.3,c.79T>C,C27R,Missense,-1.9593567536422,LOF,0.921
BRCA1,17,NM_007294.3,c.79T>G,C27G,Missense,-2.37420947167817,LOF,0.863
BRCA1,17,NM_007294.3,c.80G>A,C27Y,Missense,-1.88826243338375,LOF,0.838
BRCA1,17,NM_007294.3,c.80G>T,C27F,Missense,-2.58012439856074,LOF,0.873
BRCA1,17,NM_007294.3,c.81T>A,C27*,Nonsense,-2.2733662951222,LOF,
BRCA1,17,NM_007294.3,c.81T>G,C27W,Missense,-1.92289035894222,LOF,0.7959999999999999
BRCA1,17,NM_007294.3,c.82C>A,L28M,Missense,-0.559160152972987,FUNC,0.14
BRCA1,17,NM_007294.3,c.82C>G,L28V,Missense,-0.728959633849956,FUNC,0.158
BRCA1,17,NM_007294.3,c.83T>A,L28Q,Missense,-0.333171449122507,FUNC,0.31
BRCA1,17,NM_007294.3,c.83T>C,L28P,Missense,-1.64360581860877,LOF,0.6
BRCA1,17,NM_007294.3,c.83T>G,L28R,Missense,-0.0662809136557019,FUNC,0.362
BRCA1,17,NM_007294.3,c.85G>A,E29K,Missense,-0.645511679301639,FUNC,0.359
BRCA1,17,NM_007294.3,c.85G>C,E29Q,Missense,0.132155294541447,FUNC,0.208
BRCA1,17,NM_007294.3,c.85G>T,E29*,Nonsense,-2.23427850286585,LOF,
BRCA1,17,NM_007294.3,c.86A>C,E29A,Missense,-0.0536296468335891,FUNC,0.177
BRCA1,17,NM_007294.3,c.86A>G,E29G,Missense,-0.286648661729374,FUNC,0.193
BRCA1,17,NM_007294.3,c.86A>T,E29V,Missense,-0.26008652576368,FUNC,0.185
BRCA1,17,NM_007294.3,c.87G>C,E29D,Missense,-0.235879028350896,FUNC,0.141
BRCA1,17,NM_007294.3,c.87G>T,E29D,Missense,-0.391405355526356,FUNC,0.141
BRCA1,17,NM_007294.3,c.88T>A,L30M,Missense,0.284766431176396,FUNC,0.102
BRCA1,17,NM_007294.3,c.88T>G,L30V,Missense,-0.0473694365930921,FUNC,0.083
BRCA1,17,NM_007294.3,c.89T>A,L30*,Nonsense,-2.59470853603584,LOF,
BRCA1,17,NM_007294.3,c.89T>C,L30S,Missense,0.0601091190569478,FUNC,0.193
BRCA1,17,NM_007294.3,c.89T>G,L30W,Missense,-0.295743493236045,FUNC,0.291
BRCA1,17,NM_007294.3,c.90G>C,L30F,Missense,-0.095957528287595,FUNC,0.198
BRCA1,17,NM_007294.3,c.90G>T,L30F,Missense,-0.856959634383142,INT,0.198
BRCA1,17,NM_007294.3,c.91A>C,I31L,Missense,-0.0617831265084275,FUNC,0.2319999999999999
BRCA1,17,NM_007294.3,c.91A>G,I31V,Missense,0.171253179516736,FUNC,0.174
BRCA1,17,NM_007294.3,c.91A>T,I31F,Missense,0.266900902703425,FUNC,0.244
BRCA1,17,NM_007294.3,c.92T>A,I31N,Missense,-0.828223478693833,INT,0.467
BRCA1,17,NM_007294.3,c.92T>C,I31T,Missense,-0.133781446217631,FUNC,0.25
BRCA1,17,NM_007294.3,c.92T>G,I31S,Missense,-0.0312365889694355,FUNC,0.352
BRCA1,17,NM_007294.3,c.93C>G,I31M,Missense,-0.631893111643994,FUNC,0.161
BRCA1,17,NM_007294.3,c.94A>C,K32Q,Missense,0.0984339301679147,FUNC,0.1889999999999999
BRCA1,17,NM_007294.3,c.94A>G,K32E,Missense,-0.0877744100664281,FUNC,0.322
BRCA1,17,NM_007294.3,c.94A>T,K32*,Nonsense,-2.22612222900539,LOF,
BRCA1,17,NM_007294.3,c.95A>C,K32T,Missense,0.118786033752062,FUNC,0.14
BRCA1,17,NM_007294.3,c.95A>G,K32R,Missense,0.249218829816441,FUNC,0.182
BRCA1,17,NM_007294.3,c.95A>T,K32M,Missense,-0.30742353188671,FUNC,0.145
BRCA1,17,NM_007294.3,c.96G>C,K32N,Missense,-0.0915135458113136,FUNC,0.152
BRCA1,17,NM_007294.3,c.96G>T,K32N,Missense,-0.368416088905072,FUNC,0.152
BRCA1,17,NM_007294.3,c.97G>A,E33K,Missense,-0.412088920545003,FUNC,0.304
BRCA1,17,NM_007294.3,c.97G>C,E33Q,Missense,-0.265285715662975,FUNC,0.179
BRCA1,17,NM_007294.3,c.97G>T,E33*,Nonsense,-1.46297134906611,LOF,
BRCA1,17,NM_007294.3,c.98A>C,E33A,Missense,-0.362577558915998,FUNC,0.182
BRCA1,17,NM_007294.3,c.98A>G,E33G,Missense,-0.944338478668913,INT,0.3289999999999999
BRCA1,17,NM_007294.3,c.98A>T,E33V,Missense,-0.01977025765078,FUNC,0.175
BRCA1,17,NM_007294.3,c.99A>C,E33D,Missense,-0.258046591052841,FUNC,0.145
BRCA1,17,NM_007294.3,c.99A>T,E33D,Missense,0.235621950838678,FUNC,0.145
BRCA1,17,NM_007294.3,c.100C>A,P34T,Missense,-1.18400047550482,INT,0.6409999999999999
BRCA1,17,NM_007294.3,c.100C>G,P34A,Missense,-0.144485559937016,FUNC,0.3829999999999999
BRCA1,17,NM_007294.3,c.100C>T,P34S,Missense,-1.62390239959227,LOF,0.5720000000000001
BRCA1,17,NM_007294.3,c.101C>A,P34H,Missense,-2.83996435390973,LOF,0.7959999999999999
BRCA1,17,NM_007294.3,c.101C>G,P34R,Missense,-2.04326818228721,LOF,0.7979999999999999
BRCA1,17,NM_007294.3,c.101C>T,P34L,Missense,-1.8679314377921,LOF,0.596
BRCA1,17,NM_007294.3,c.103G>A,V35I,Missense,-0.337374626221253,FUNC,0.146
BRCA1,17,NM_007294.3,c.103G>C,V35L,Missense,-0.784489926160633,INT,0.306
BRCA1,17,NM_007294.3,c.103G>T,V35F,Missense,-1.23552836047238,INT,0.7070000000000001
BRCA1,17,NM_007294.3,c.104T>A,V35D,Missense,-2.39855882524109,LOF,0.868
BRCA1,17,NM_007294.3,c.104T>C,V35A,Missense,-1.44176288661518,LOF,0.341
BRCA1,17,NM_007294.3,c.104T>G,V35G,Missense,-2.11113231210402,LOF,0.7759999999999999
BRCA1,17,NM_007294.3,c.106T>A,S36T,Missense,-0.0948374584074106,FUNC,0.422
BRCA1,17,NM_007294.3,c.106T>G,S36A,Missense,0.067965072687474,FUNC,0.369
BRCA1,17,NM_007294.3,c.109A>C,T37P,Missense,-0.368808462244033,FUNC,0.85
BRCA1,17,NM_007294.3,c.109A>G,T37A,Missense,0.114420377883202,FUNC,0.496
BRCA1,17,NM_007294.3,c.109A>T,T37S,Missense,-0.0807389990250914,FUNC,0.6970000000000001
BRCA1,17,NM_007294.3,c.110C>A,T37K,Missense,-2.49352324025865,LOF,0.892
BRCA1,17,NM_007294.3,c.110C>G,T37R,Missense,-2.48552739594034,LOF,0.8959999999999999
BRCA1,17,NM_007294.3,c.110C>T,T37I,Missense,-0.841830450186673,INT,0.68
BRCA1,17,NM_007294.3,c.112A>C,K38Q,Missense,0.0442274727921174,FUNC,0.115
BRCA1,17,NM_007294.3,c.112A>G,K38E,Missense,-0.0591683644642362,FUNC,0.304
BRCA1,17,NM_007294.3,c.112A>T,K38*,Nonsense,-2.21396731176657,LOF,
BRCA1,17,NM_007294.3,c.113A>C,K38T,Missense,0.0381219973066482,FUNC,0.121
BRCA1,17,NM_007294.3,c.113A>G,K38R,Missense,-0.187628556558442,FUNC,0.126
BRCA1,17,NM_007294.3,c.113A>T,K38M,Missense,-0.271030936348293,FUNC,0.246
BRCA1,17,NM_007294.3,c.114G>C,K38N,Missense,-0.122152502974334,FUNC,0.159
BRCA1,17,NM_007294.3,c.114G>T,K38N,Missense,-0.0376756066282157,FUNC,0.159
BRCA1,17,NM_007294.3,c.115T>A,C39S,Missense,-1.95875615537077,LOF,0.83
BRCA1,17,NM_007294.3,c.116G>C,C39S,Missense,-2.23492311623277,LOF,0.83
BRCA1,17,NM_007294.3,c.115T>C,C39R,Missense,-2.40360904850681,LOF,0.933
BRCA1,17,NM_007294.3,c.115T>G,C39G,Missense,-2.22421950186341,LOF,0.916
BRCA1,17,NM_007294.3,c.116G>A,C39Y,Missense,-2.65823961350783,LOF,0.86
BRCA1,17,NM_007294.3,c.116G>T,C39F,Missense,-2.32092314101715,LOF,0.912
BRCA1,17,NM_007294.3,c.117T>A,C39*,Nonsense,-2.20254102711855,LOF,
BRCA1,17,NM_007294.3,c.117T>G,C39W,Missense,-2.53443021351077,LOF,0.916
BRCA1,17,NM_007294.3,c.118G>A,D40N,Missense,-0.0802033634658153,FUNC,0.456
BRCA1,17,NM_007294.3,c.118G>C,D40H,Missense,-0.281112570315361,FUNC,0.504
BRCA1,17,NM_007294.3,c.118G>T,D40Y,Missense,-0.376938578091546,FUNC,0.621
BRCA1,17,NM_007294.3,c.119A>C,D40A,Missense,-0.119215795539015,FUNC,0.384
BRCA1,17,NM_007294.3,c.119A>G,D40G,Missense,0.197450867703389,FUNC,0.3879999999999999
BRCA1,17,NM_007294.3,c.119A>T,D40V,Missense,-0.501412521728141,FUNC,0.679
BRCA1,17,NM_007294.3,c.120C>A,D40E,Missense,0.000949463263384367,FUNC,0.359
BRCA1,17,NM_007294.3,c.120C>G,D40E,Missense,-0.137867777121563,FUNC,0.359
BRCA1,17,NM_007294.3,c.121C>A,H41N,Missense,-2.29075675621701,LOF,0.6709999999999999
BRCA1,17,NM_007294.3,c.121C>G,H41D,Missense,-2.14174273520893,LOF,0.8140000000000001
BRCA1,17,NM_007294.3,c.121C>T,H41Y,Missense,-2.02233175261816,LOF,0.8009999999999999
BRCA1,17,NM_007294.3,c.122A>C,H41P,Missense,-2.55981702612402,LOF,0.8170000000000001
BRCA1,17,NM_007294.3,c.122A>G,H41R,Missense,-2.07795707321754,LOF,0.631
BRCA1,17,NM_007294.3,c.122A>T,H41L,Missense,-1.77532347459198,LOF,0.669
BRCA1,17,NM_007294.3,c.123C>A,H41Q,Missense,-2.32537855229532,LOF,0.753
BRCA1,17,NM_007294.3,c.123C>G,H41Q,Missense,-2.22696615127865,LOF,0.753
BRCA1,17,NM_007294.3,c.124A>C,I42L,Missense,0.0717261890913763,FUNC,0.331
BRCA1,17,NM_007294.3,c.124A>T,I42L,Missense,0.0719718393811408,FUNC,0.331
BRCA1,17,NM_007294.3,c.124A>G,I42V,Missense,0.109884311248167,FUNC,0.268
BRCA1,17,NM_007294.3,c.125T>A,I42K,Missense,-0.636488370216393,FUNC,0.526
BRCA1,17,NM_007294.3,c.125T>C,I42T,Missense,-0.0757505608216063,FUNC,0.316
BRCA1,17,NM_007294.3,c.125T>G,I42R,Missense,-0.550860608650059,FUNC,0.529
BRCA1,17,NM_007294.3,c.126A>G,I42M,Missense,0.146633898149107,FUNC,0.335
BRCA1,17,NM_007294.3,c.127T>A,F43I,Missense,-1.16581431512051,INT,0.418
BRCA1,17,NM_007294.3,c.127T>C,F43L,Missense,-1.08388238566967,INT,0.649
BRCA1,17,NM_007294.3,c.129T>A,F43L,Missense,-1.67421223592003,LOF,0.649
BRCA1,17,NM_007294.3,c.129T>G,F43L,Missense,-1.18188652033692,INT,0.649
BRCA1,17,NM_007294.3,c.127T>G,F43V,Missense,-1.03847047425694,INT,0.601
BRCA1,17,NM_007294.3,c.128T>A,F43Y,Missense,-0.221090144399722,FUNC,0.193
BRCA1,17,NM_007294.3,c.128T>C,F43S,Missense,-1.24099502166333,INT,0.7759999999999999
BRCA1,17,NM_007294.3,c.128T>G,F43C,Missense,-0.768825626651291,INT,0.575
BRCA1,17,NM_007294.3,c.130T>A,C44S,Missense,-2.38393524527543,LOF,0.775
BRCA1,17,NM_007294.3,c.131G>C,C44S,Missense,-2.26776054445651,LOF,0.775
BRCA1,17,NM_007294.3,c.130T>C,C44R,Missense,-2.1978281236014,LOF,0.863
BRCA1,17,NM_007294.3,c.130T>G,C44G,Missense,-2.53216823657949,LOF,0.733
BRCA1,17,NM_007294.3,c.131G>A,C44Y,Missense,-2.39797407768976,LOF,0.635
BRCA1,17,NM_007294.3,c.131G>T,C44F,Missense,-2.54218851428559,LOF,0.79
BRCA1,17,NM_007294.3,c.132C>A,C44*,Nonsense,-2.91155523427823,LOF,
BRCA1,17,NM_007294.3,c.132C>G,C44W,Missense,-2.30701978041447,LOF,0.838
BRCA1,17,NM_007294.3,c.133A>C,K45Q,Missense,-0.267722266843825,FUNC,0.1159999999999999
BRCA1,17,NM_007294.3,c.133A>G,K45E,Missense,-0.634450233958355,FUNC,0.259
BRCA1,17,NM_007294.3,c.133A>T,K45*,Nonsense,-2.17196698826844,LOF,
BRCA1,17,NM_007294.3,c.134A>C,K45T,Missense,-0.698344351702248,FUNC,0.111
BRCA1,17,NM_007294.3,c.134A>G,K45R,Missense,-0.12650525619479,FUNC,0.059
BRCA1,17,NM_007294.3,c.134A>T,K45I,Missense,-2.43580582469355,LOF,0.179
BRCA1,17,NM_007294.3,c.135A>C,K45N,Missense,-0.337829370855279,FUNC,0.1939999999999999
BRCA1,17,NM_007294.3,c.135A>T,K45N,Missense,-0.591244043328417,FUNC,0.1939999999999999
BRCA1,17,NM_007294.3,c.136T>A,F46I,Missense,0.118018541159442,FUNC,0.271
BRCA1,17,NM_007294.3,c.136T>C,F46L,Missense,-0.578320565388626,FUNC,0.288
BRCA1,17,NM_007294.3,c.138T>A,F46L,Missense,-0.520164143977755,FUNC,0.288
BRCA1,17,NM_007294.3,c.138T>G,F46L,Missense,0.172623684038249,FUNC,0.288
BRCA1,17,NM_007294.3,c.136T>G,F46V,Missense,-0.400503796929427,FUNC,0.258
BRCA1,17,NM_007294.3,c.137T>A,F46Y,Missense,-0.354796573911067,FUNC,0.4029999999999999
BRCA1,17,NM_007294.3,c.137T>C,F46S,Missense,0.242754195310461,FUNC,0.3279999999999999
BRCA1,17,NM_007294.3,c.137T>G,F46C,Missense,0.138588778865222,FUNC,0.3989999999999999
BRCA1,17,NM_007294.3,c.139T>A,C47S,Missense,-0.899627061095552,INT,0.895
BRCA1,17,NM_007294.3,c.140G>C,C47S,Missense,-1.92779394441767,LOF,0.895
BRCA1,17,NM_007294.3,c.139T>C,C47R,Missense,-1.8352960909996,LOF,0.955
BRCA1,17,NM_007294.3,c.139T>G,C47G,Missense,-2.43588765836569,LOF,0.925
BRCA1,17,NM_007294.3,c.140G>A,C47Y,Missense,-1.67798334117485,LOF,0.917
BRCA1,17,NM_007294.3,c.140G>T,C47F,Missense,-1.96017875677391,LOF,0.925
BRCA1,17,NM_007294.3,c.141C>A,C47*,Nonsense,-2.14961368609209,LOF,
BRCA1,17,NM_007294.3,c.141C>G,C47W,Missense,-2.25668984581652,LOF,0.826
BRCA1,17,NM_007294.3,c.142A>C,M48L,Missense,-0.387238184471606,FUNC,0.437
BRCA1,17,NM_007294.3,c.142A>T,M48L,Missense,-0.243815473964906,FUNC,0.437
BRCA1,17,NM_007294.3,c.142A>G,M48V,Missense,-0.276021452097446,FUNC,0.42
BRCA1,17,NM_007294.3,c.143T>A,M48K,Missense,-2.12489333961009,LOF,0.879
BRCA1,17,NM_007294.3,c.143T>C,M48T,Missense,-0.0633378478729209,FUNC,0.492
BRCA1,17,NM_007294.3,c.143T>G,M48R,Missense,-2.88395689569692,LOF,0.8370000000000001
BRCA1,17,NM_007294.3,c.144G>A,M48I,Missense,0.00474249932370893,FUNC,0.509
BRCA1,17,NM_007294.3,c.144G>C,M48I,Missense,0.253188799483833,FUNC,0.509
BRCA1,17,NM_007294.3,c.144G>T,M48I,Missense,-0.259442038911394,FUNC,0.509
BRCA1,17,NM_007294.3,c.145C>A,L49M,Missense,-0.518552505065359,FUNC,0.099
BRCA1,17,NM_007294.3,c.145C>G,L49V,Missense,-0.873863087144116,INT,0.11
BRCA1,17,NM_007294.3,c.146T>A,L49Q,Missense,-0.319246701652893,FUNC,0.292
BRCA1,17,NM_007294.3,c.146T>C,L49P,Missense,-1.62451858428158,LOF,0.522
BRCA1,17,NM_007294.3,c.146T>G,L49R,Missense,-0.696670078643576,FUNC,0.373
BRCA1,17,NM_007294.3,c.148A>C,K50Q,Missense,-0.289487269218209,FUNC,0.243
BRCA1,17,NM_007294.3,c.148A>G,K50E,Missense,-0.591419464744108,FUNC,0.415
BRCA1,17,NM_007294.3,c.148A>T,K50*,Nonsense,-1.97943299782933,LOF,
BRCA1,17,NM_007294.3,c.149A>C,K50T,Missense,0.439789899830432,FUNC,0.311
BRCA1,17,NM_007294.3,c.149A>G,K50R,Missense,0.134461516798949,FUNC,0.27
BRCA1,17,NM_007294.3,c.149A>T,K50I,Missense,0.126243711985096,FUNC,0.361
BRCA1,17,NM_007294.3,c.150A>C,K50N,Missense,0.00854466499037725,FUNC,0.3979999999999999
BRCA1,17,NM_007294.3,c.150A>T,K50N,Missense,-0.253562359007247,FUNC,0.3979999999999999
BRCA1,17,NM_007294.3,c.151C>A,L51I,Missense,-0.3213004961115,FUNC,0.203
BRCA1,17,NM_007294.3,c.151C>G,L51V,Missense,-0.459830957353929,FUNC,0.172
BRCA1,17,NM_007294.3,c.151C>T,L51F,Missense,-0.145244780755562,FUNC,0.125
BRCA1,17,NM_007294.3,c.152T>A,L51H,Missense,0.0243776805780889,FUNC,0.391
BRCA1,17,NM_007294.3,c.152T>C,L51P,Missense,-1.33284833119727,LOF,0.713
BRCA1,17,NM_007294.3,c.152T>G,L51R,Missense,-0.334968954525271,FUNC,0.5820000000000001
BRCA1,17,NM_007294.3,c.154C>A,L52I,Missense,-0.219703422173857,FUNC,0.317
BRCA1,17,NM_007294.3,c.154C>G,L52V,Missense,-0.105063687593426,FUNC,0.382
BRCA1,17,NM_007294.3,c.154C>T,L52F,Missense,-0.164703074148804,FUNC,0.344
BRCA1,17,NM_007294.3,c.155T>A,L52H,Missense,-1.01784125726376,INT,0.605
BRCA1,17,NM_007294.3,c.155T>C,L52P,Missense,-1.26354747579423,INT,0.8220000000000001
BRCA1,17,NM_007294.3,c.155T>G,L52R,Missense,-1.10919468982921,INT,0.625
BRCA1,17,NM_007294.3,c.157A>C,N53H,Missense,0.00649721086311948,FUNC,0.0819999999999999
BRCA1,17,NM_007294.3,c.157A>G,N53D,Missense,-0.52784334974704,FUNC,0.071
BRCA1,17,NM_007294.3,c.157A>T,N53Y,Missense,-0.347396708144995,FUNC,0.163
BRCA1,17,NM_007294.3,c.158A>C,N53T,Missense,-0.761628844182999,INT,0.1
BRCA1,17,NM_007294.3,c.158A>G,N53S,Missense,0.0078660699987904,FUNC,0.044
BRCA1,17,NM_007294.3,c.158A>T,N53I,Missense,-0.347808014969657,FUNC,0.196
BRCA1,17,NM_007294.3,c.159C>A,N53K,Missense,-0.803382471314517,INT,0.1689999999999999
BRCA1,17,NM_007294.3,c.159C>G,N53K,Missense,-0.234211060471889,FUNC,0.1689999999999999
BRCA1,17,NM_007294.3,c.160C>A,Q54K,Missense,-0.620201371008806,FUNC,0.11
BRCA1,17,NM_007294.3,c.160C>G,Q54E,Missense,-0.314001650399221,FUNC,0.251
BRCA1,17,NM_007294.3,c.160C>T,Q54*,Nonsense,-2.41053919077601,LOF,
BRCA1,17,NM_007294.3,c.161A>C,Q54P,Missense,-0.475637295642705,FUNC,0.418
BRCA1,17,NM_007294.3,c.161A>G,Q54R,Missense,-0.122193843218794,FUNC,0.187
BRCA1,17,NM_007294.3,c.161A>T,Q54L,Missense,-0.159398532497638,FUNC,0.184
BRCA1,17,NM_007294.3,c.162G>C,Q54H,Missense,-0.179248266571474,FUNC,0.217
BRCA1,17,NM_007294.3,c.162G>T,Q54H,Missense,0.0169151611306388,FUNC,0.217
BRCA1,17,NM_007294.3,c.163A>C,K55Q,Missense,0.139050270844548,FUNC,0.192
BRCA1,17,NM_007294.3,c.163A>G,K55E,Missense,0.0384727360991774,FUNC,0.325
BRCA1,17,NM_007294.3,c.163A>T,K55*,Nonsense,-2.17203562897635,LOF,
BRCA1,17,NM_007294.3,c.164A>C,K55T,Missense,0.113378349195662,FUNC,0.1369999999999999
BRCA1,17,NM_007294.3,c.164A>G,K55R,Missense,-0.0416730197266743,FUNC,0.12
BRCA1,17,NM_007294.3,c.164A>T,K55M,Missense,-0.132292328183489,FUNC,0.32
BRCA1,17,NM_007294.3,c.165G>C,K55N,Missense,-0.272475962871033,FUNC,0.244
BRCA1,17,NM_007294.3,c.165G>T,K55N,Missense,0.0127625313699572,FUNC,0.244
BRCA1,17,NM_007294.3,c.166A>C,K56Q,Missense,0.2029239245959,FUNC,0.1939999999999999
BRCA1,17,NM_007294.3,c.166A>G,K56E,Missense,-0.0931926781859281,FUNC,0.324
BRCA1,17,NM_007294.3,c.166A>T,K56*,Nonsense,-2.2368779276286,LOF,
BRCA1,17,NM_007294.3,c.167A>C,K56T,Missense,-0.0828118586184817,FUNC,0.1969999999999999
BRCA1,17,NM_007294.3,c.167A>G,K56R,Missense,-0.0765591154080292,FUNC,0.218
BRCA1,17,NM_007294.3,c.167A>T,K56I,Missense,0.141884635048446,FUNC,0.226
BRCA1,17,NM_007294.3,c.168A>C,K56N,Missense,-0.194643338444786,FUNC,0.121
BRCA1,17,NM_007294.3,c.168A>T,K56N,Missense,-0.0831707430270813,FUNC,0.121
BRCA1,17,NM_007294.3,c.169G>C,G57R,Missense,-0.0672533050726693,FUNC,0.3
BRCA1,17,NM_007294.3,c.170G>C,G57A,Missense,0.170740039522394,FUNC,0.233
BRCA1,17,NM_007294.3,c.170G>T,G57V,Missense,0.0529491582602572,FUNC,0.257
BRCA1,17,NM_007294.3,c.172C>A,P58T,Missense,-0.274594395313991,FUNC,0.107
BRCA1,17,NM_007294.3,c.172C>G,P58A,Missense,-0.0643034671740271,FUNC,0.083
BRCA1,17,NM_007294.3,c.173C>A,P58H,Missense,-1.46809657233464,LOF,0.118
BRCA1,17,NM_007294.3,c.173C>G,P58R,Missense,0.191628628089573,FUNC,0.1009999999999999
BRCA1,17,NM_007294.3,c.173C>T,P58L,Missense,0.0336589795354355,FUNC,0.047
BRCA1,17,NM_007294.3,c.175T>A,S59T,Missense,-0.00769841192752851,FUNC,0.236
BRCA1,17,NM_007294.3,c.175T>C,S59P,Missense,-0.111088432294323,FUNC,0.4029999999999999
BRCA1,17,NM_007294.3,c.175T>G,S59A,Missense,0.12259162117247,FUNC,0.206
BRCA1,17,NM_007294.3,c.176C>A,S59*,Nonsense,-2.76005221647416,LOF,
BRCA1,17,NM_007294.3,c.176C>G,S59*,Nonsense,-2.54562286725908,LOF,
BRCA1,17,NM_007294.3,c.176C>T,S59L,Missense,-0.216694820470431,FUNC,0.316
BRCA1,17,NM_007294.3,c.178C>A,Q60K,Missense,-0.34385436614943,FUNC,0.3939999999999999
BRCA1,17,NM_007294.3,c.178C>G,Q60E,Missense,0.0746808855832064,FUNC,0.397
BRCA1,17,NM_007294.3,c.178C>T,Q60*,Nonsense,-1.64527533037193,LOF,
BRCA1,17,NM_007294.3,c.179A>C,Q60P,Missense,0.557264663349988,FUNC,0.477
BRCA1,17,NM_007294.3,c.179A>G,Q60R,Missense,0.175006538244498,FUNC,0.3329999999999999
BRCA1,17,NM_007294.3,c.179A>T,Q60L,Missense,-0.0404271939529918,FUNC,0.251
BRCA1,17,NM_007294.3,c.180G>C,Q60H,Missense,-0.447215321601555,FUNC,0.204
BRCA1,17,NM_007294.3,c.180G>T,Q60H,Missense,-0.204028150696414,FUNC,0.204
BRCA1,17,NM_007294.3,c.181T>A,C61S,Missense,-1.8410356521443,LOF,0.925
BRCA1,17,NM_007294.3,c.182G>C,C61S,Missense,-2.06526710687929,LOF,0.925
BRCA1,17,NM_007294.3,c.181T>C,C61R,Missense,-1.32753822709513,INT,0.964
BRCA1,17,NM_007294.3,c.181T>G,C61G,Missense,-1.73834813947418,LOF,0.944
BRCA1,17,NM_007294.3,c.182G>A,C61Y,Missense,-1.48851829809458,LOF,0.946
BRCA1,17,NM_007294.3,c.182G>T,C61F,Missense,-1.93751901318034,LOF,0.954
BRCA1,17,NM_007294.3,c.183T>A,C61*,Nonsense,-1.52353474657152,LOF,
BRCA1,17,NM_007294.3,c.183T>G,C61W,Missense,-2.51201063792508,LOF,0.94
BRCA1,17,NM_007294.3,c.184C>A,P62T,Missense,-1.06763515240375,INT,0.6629999999999999
BRCA1,17,NM_007294.3,c.184C>G,P62A,Missense,-0.625469855225993,FUNC,0.423
BRCA1,17,NM_007294.3,c.184C>T,P62S,Missense,-0.739621387283442,FUNC,0.5379999999999999
BRCA1,17,NM_007294.3,c.185C>A,P62H,Missense,-0.753698183186401,INT,0.723
BRCA1,17,NM_007294.3,c.185C>G,P62R,Missense,-0.73045276973931,FUNC,0.7659999999999999
BRCA1,17,NM_007294.3,c.185C>T,P62L,Missense,-0.530946091433252,FUNC,0.632
BRCA1,17,NM_007294.3,c.187T>A,L63I,Missense,0.393837055073655,FUNC,0.173
BRCA1,17,NM_007294.3,c.187T>G,L63V,Missense,0.0815141885627965,FUNC,0.165
BRCA1,17,NM_007294.3,c.188T>A,L63*,Nonsense,-2.76247796245549,LOF,
BRCA1,17,NM_007294.3,c.188T>G,L63*,Nonsense,-2.11447679323774,LOF,
BRCA1,17,NM_007294.3,c.188T>C,L63S,Missense,0.0491777349469777,FUNC,0.24
BRCA1,17,NM_007294.3,c.189A>C,L63F,Missense,-0.331791871917996,FUNC,0.286
BRCA1,17,NM_007294.3,c.189A>T,L63F,Missense,-0.448007201792022,FUNC,0.286
BRCA1,17,NM_007294.3,c.190T>A,C64S,Missense,-2.39036930414511,LOF,0.871
BRCA1,17,NM_007294.3,c.191G>C,C64S,Missense,-3.02220614509521,LOF,0.871
BRCA1,17,NM_007294.3,c.190T>C,C64R,Missense,-1.69111599683788,LOF,0.932
BRCA1,17,NM_007294.3,c.190T>G,C64G,Missense,-1.95113526060798,LOF,0.89
BRCA1,17,NM_007294.3,c.191G>A,C64Y,Missense,-2.05029821109945,LOF,0.925
BRCA1,17,NM_007294.3,c.191G>T,C64F,Missense,-1.5894609474847,LOF,0.938
BRCA1,17,NM_007294.3,c.192T>A,C64*,Nonsense,-1.58434944755682,LOF,
BRCA1,17,NM_007294.3,c.192T>G,C64W,Missense,-1.60379971496205,LOF,0.897
BRCA1,17,NM_007294.3,c.193A>C,K65Q,Missense,0.203499910028996,FUNC,0.236
BRCA1,17,NM_007294.3,c.193A>G,K65E,Missense,-0.0104009260486012,FUNC,0.68
BRCA1,17,NM_007294.3,c.193A>T,K65*,Nonsense,-1.91699414708455,LOF,
BRCA1,17,NM_007294.3,c.194A>C,K65T,Missense,-0.0847304380898753,FUNC,0.29
BRCA1,17,NM_007294.3,c.194A>G,K65R,Missense,0.186615867380227,FUNC,0.253
BRCA1,17,NM_007294.3,c.194A>T,K65M,Missense,0.19570535930609,FUNC,0.225
BRCA1,17,NM_007294.3,c.195G>C,K65N,Missense,-0.356633664203698,FUNC,0.261
BRCA1,17,NM_007294.3,c.195G>T,K65N,Missense,-0.266965751909426,FUNC,0.261
BRCA1,17,NM_007294.3,c.196A>C,N66H,Missense,0.144133797435321,FUNC,0.212
BRCA1,17,NM_007294.3,c.196A>G,N66D,Missense,-0.117274997254614,FUNC,0.257
BRCA1,17,NM_007294.3,c.196A>T,N66Y,Missense,-1.76977311391765,LOF,0.358
BRCA1,17,NM_007294.3,c.197A>C,N66T,Missense,0.157001707363151,FUNC,0.152
BRCA1,17,NM_007294.3,c.197A>G,N66S,Missense,0.0209716387913158,FUNC,0.048
BRCA1,17,NM_007294.3,c.197A>T,N66I,Missense,0.354824787497088,FUNC,0.256
BRCA1,17,NM_007294.3,c.198T>A,N66K,Missense,0.331522622481848,FUNC,0.193
BRCA1,17,NM_007294.3,c.198T>G,N66K,Missense,0.0558460249365613,FUNC,0.193
BRCA1,17,NM_007294.3,c.199G>A,D67N,Missense,0.149696615854813,FUNC,0.0409999999999999
BRCA1,17,NM_007294.3,c.199G>C,D67H,Missense,-0.336806341430567,FUNC,0.08
BRCA1,17,NM_007294.3,c.199G>T,D67Y,Missense,-0.0809950046543564,FUNC,0.108
BRCA1,17,NM_007294.3,c.200A>C,D67A,Missense,0.134788632276109,FUNC,0.0819999999999999
BRCA1,17,NM_007294.3,c.200A>G,D67G,Missense,0.0456568383840613,FUNC,0.091
BRCA1,17,NM_007294.3,c.200A>T,D67V,Missense,0.141412315907018,FUNC,0.109
BRCA1,17,NM_007294.3,c.201T>A,D67E,Missense,0.259751854132552,FUNC,0.0409999999999999
BRCA1,17,NM_007294.3,c.201T>G,D67E,Missense,-0.096183037628413,FUNC,0.0409999999999999
BRCA1,17,NM_007294.3,c.202A>C,I68L,Missense,-0.0510104007096042,FUNC,0.166
BRCA1,17,NM_007294.3,c.202A>T,I68L,Missense,0.0364445780401083,FUNC,0.166
BRCA1,17,NM_007294.3,c.202A>G,I68V,Missense,0.0618273051239322,FUNC,0.077
BRCA1,17,NM_007294.3,c.203T>A,I68K,Missense,-1.53542040040805,LOF,0.851
BRCA1,17,NM_007294.3,c.203T>C,I68T,Missense,-0.318205181442809,FUNC,0.266
BRCA1,17,NM_007294.3,c.203T>G,I68R,Missense,-1.75484824206991,LOF,0.857
BRCA1,17,NM_007294.3,c.204A>G,I68M,Missense,0.122549115399585,FUNC,0.238
BRCA1,17,NM_007294.3,c.205A>C,T69P,Missense,-0.0274548290858105,FUNC,0.2769999999999999
BRCA1,17,NM_007294.3,c.205A>G,T69A,Missense,-0.0784790276646692,FUNC,0.1159999999999999
BRCA1,17,NM_007294.3,c.205A>T,T69S,Missense,0.117239498010038,FUNC,0.138
BRCA1,17,NM_007294.3,c.206C>G,T69S,Missense,-0.201005025579741,FUNC,0.138
BRCA1,17,NM_007294.3,c.206C>A,T69N,Missense,0.153279183571519,FUNC,0.221
BRCA1,17,NM_007294.3,c.206C>T,T69I,Missense,-0.00286096186449752,FUNC,0.1689999999999999
BRCA1,17,NM_007294.3,c.208A>C,K70Q,Missense,-0.107747823653866,FUNC,0.153
BRCA1,17,NM_007294.3,c.208A>G,K70E,Missense,0.124200640270682,FUNC,0.3229999999999999
BRCA1,17,NM_007294.3,c.208A>T,K70*,Nonsense,-2.01837708299856,LOF,
BRCA1,17,NM_007294.3,c.209A>C,K70T,Missense,-0.301242803029983,FUNC,0.136
BRCA1,17,NM_007294.3,c.209A>G,K70R,Missense,0.207178467164642,FUNC,0.127
BRCA1,17,NM_007294.3,c.209A>T,K70I,Missense,-0.101003658796787,FUNC,0.1639999999999999
BRCA1,17,NM_007294.3,c.210A>C,K70N,Missense,0.196738427263807,FUNC,0.19
BRCA1,17,NM_007294.3,c.210A>T,K70N,Missense,-1.59083463467556,LOF,0.19
BRCA1,17,NM_007294.3,c.211A>G,R71G,Missense,-1.49271759046098,LOF,0.3289999999999999
BRCA1,17,NM_007294.3,c.211A>T,R71W,Missense,-1.82052718089792,LOF,0.222
BRCA1,17,NM_007294.3,c.212G>A,R71K,Missense,-2.14933911864244,LOF,0.472
BRCA1,17,NM_007294.3,c.212G>C,R71T,Missense,-2.02887064970573,LOF,0.371
BRCA1,17,NM_007294.3,c.212G>T,R71M,Missense,-1.71773602920031,LOF,0.2769999999999999
BRCA1,17,NM_007294.3,c.213G>C,R71S,Missense,-2.48455100444836,LOF,0.317
BRCA1,17,NM_007294.3,c.213G>T,R71S,Missense,-2.40516553009356,LOF,0.317
BRCA1,17,NM_007294.3,c.214A>C,S72R,Missense,-0.730647966043399,FUNC,0.332
BRCA1,17,NM_007294.3,c.216C>A,S72R,Missense,-0.637529802865943,FUNC,0.332
BRCA1,17,NM_007294.3,c.216C>G,S72R,Missense,-0.542614319238953,FUNC,0.332
BRCA1,17,NM_007294.3,c.214A>G,S72G,Missense,0.136704721683983,FUNC,0.2689999999999999
BRCA1,17,NM_007294.3,c.214A>T,S72C,Missense,-0.639043379679634,FUNC,0.2019999999999999
BRCA1,17,NM_007294.3,c.215G>A,S72N,Missense,-1.3751642059833,LOF,0.41
BRCA1,17,NM_007294.3,c.215G>C,S72T,Missense,0.143507753348203,FUNC,0.401
BRCA1,17,NM_007294.3,c.215G>T,S72I,Missense,-1.01387392358275,INT,0.444
BRCA1,17,NM_007294.3,c.217C>G,L73V,Missense,-0.652753444997824,FUNC,0.198
BRCA1,17,NM_007294.3,c.218T>A,L73Q,Missense,-1.94479993958441,LOF,0.362
BRCA1,17,NM_007294.3,c.218T>C,L73P,Missense,-0.652277126099646,FUNC,0.427
BRCA1,17,NM_007294.3,c.218T>G,L73R,Missense,-2.28856407142553,LOF,0.4029999999999999
BRCA1,17,NM_007294.3,c.220C>A,Q74K,Missense,-0.776106133799761,INT,0.1889999999999999
BRCA1,17,NM_007294.3,c.220C>G,Q74E,Missense,-0.672932131116281,FUNC,0.255
BRCA1,17,NM_007294.3,c.220C>T,Q74*,Nonsense,-2.35601982432529,LOF,
BRCA1,17,NM_007294.3,c.221A>C,Q74P,Missense,-0.690148413898795,FUNC,0.28
BRCA1,17,NM_007294.3,c.221A>G,Q74R,Missense,-0.734980797060967,FUNC,0.122
BRCA1,17,NM_007294.3,c.221A>T,Q74L,Missense,-0.900383530131995,INT,0.149
BRCA1,17,NM_007294.3,c.222A>C,Q74H,Missense,0.219999716132539,FUNC,0.161
BRCA1,17,NM_007294.3,c.222A>T,Q74H,Missense,-0.175679581883847,FUNC,0.161
BRCA1,17,NM_007294.3,c.223G>A,E75K,Missense,-0.192425398734912,FUNC,0.108
BRCA1,17,NM_007294.3,c.223G>C,E75Q,Missense,-0.972859688990751,INT,0.079
BRCA1,17,NM_007294.3,c.223G>T,E75*,Nonsense,-2.17737659841176,LOF,
BRCA1,17,NM_007294.3,c.224A>C,E75A,Missense,0.542069101202301,FUNC,0.052
BRCA1,17,NM_007294.3,c.224A>G,E75G,Missense,-0.17249934444057,FUNC,0.057
BRCA1,17,NM_007294.3,c.225A>C,E75D,Missense,0.328566194465033,FUNC,0.071
BRCA1,17,NM_007294.3,c.225A>T,E75D,Missense,-0.363926141320978,FUNC,0.071
BRCA1,17,NM_007294.3,c.226A>C,S76R,Missense,-0.295963198231347,FUNC,0.374
BRCA1,17,NM_007294.3,c.228T>A,S76R,Missense,-0.208763266972139,FUNC,0.374
BRCA1,17,NM_007294.3,c.226A>G,S76G,Missense,0.844991185551513,FUNC,0.291
BRCA1,17,NM_007294.3,c.226A>T,S76C,Missense,0.569152614871201,FUNC,0.196
BRCA1,17,NM_007294.3,c.227G>A,S76N,Missense,-0.0412978865249002,FUNC,0.302
BRCA1,17,NM_007294.3,c.227G>C,S76T,Missense,-0.208435665910182,FUNC,0.296
BRCA1,17,NM_007294.3,c.227G>T,S76I,Missense,-0.789885621808096,INT,0.316
BRCA1,17,NM_007294.3,c.229A>C,T77P,Missense,-0.631381943627024,FUNC,0.305
BRCA1,17,NM_007294.3,c.229A>G,T77A,Missense,0.298169169262425,FUNC,0.074
BRCA1,17,NM_007294.3,c.229A>T,T77S,Missense,0.158595847781077,FUNC,0.11
BRCA1,17,NM_007294.3,c.230C>A,T77K,Missense,-0.224951976849503,FUNC,0.417
BRCA1,17,NM_007294.3,c.230C>G,T77R,Missense,-0.70855680460578,FUNC,0.396
BRCA1,17,NM_007294.3,c.230C>T,T77M,Missense,-0.480636068670774,FUNC,0.1989999999999999
BRCA1,17,NM_007294.3,c.232A>G,R78G,Missense,-0.511506312043328,FUNC,0.315
BRCA1,17,NM_007294.3,c.232A>T,R78*,Nonsense,-2.25852006898774,LOF,
BRCA1,17,NM_007294.3,c.233G>A,R78K,Missense,-0.592758779863114,FUNC,0.431
BRCA1,17,NM_007294.3,c.233G>C,R78T,Missense,-0.311143921023994,FUNC,0.341
BRCA1,17,NM_007294.3,c.233G>T,R78I,Missense,-0.631862977302534,FUNC,0.356
BRCA1,17,NM_007294.3,c.234A>C,R78S,Missense,-0.626282476489982,FUNC,0.301
BRCA1,17,NM_007294.3,c.234A>T,R78S,Missense,0.263859171410713,FUNC,0.301
BRCA1,17,NM_007294.3,c.235T>C,F79L,Missense,-0.30018783974369,FUNC,0.416
BRCA1,17,NM_007294.3,c.237T>A,F79L,Missense,0.0545034602353462,FUNC,0.416
BRCA1,17,NM_007294.3,c.237T>G,F79L,Missense,-0.527933398173203,FUNC,0.416
BRCA1,17,NM_007294.3,c.235T>G,F79V,Missense,-0.682545605568804,FUNC,0.374
BRCA1,17,NM_007294.3,c.236T>A,F79Y,Missense,-0.129085695153203,FUNC,0.314
BRCA1,17,NM_007294.3,c.236T>C,F79S,Missense,-0.648302224583294,FUNC,0.514
BRCA1,17,NM_007294.3,c.236T>G,F79C,Missense,-0.194974239294707,FUNC,0.281
BRCA1,17,NM_007294.3,c.238A>C,S80R,Missense,-0.763797379784919,INT,0.21
BRCA1,17,NM_007294.3,c.240T>A,S80R,Missense,-0.953367287444341,INT,0.21
BRCA1,17,NM_007294.3,c.240T>G,S80R,Missense,-0.364896856122187,FUNC,0.21
BRCA1,17,NM_007294.3,c.238A>G,S80G,Missense,0.141974945502884,FUNC,0.073
BRCA1,17,NM_007294.3,c.238A>T,S80C,Missense,-0.217631402764945,FUNC,0.114
BRCA1,17,NM_007294.3,c.239G>A,S80N,Missense,-0.412347791316904,FUNC,0.071
BRCA1,17,NM_007294.3,c.239G>C,S80T,Missense,-0.0687803847504314,FUNC,0.134
BRCA1,17,NM_007294.3,c.239G>T,S80I,Missense,-1.40865628664127,LOF,0.249
BRCA1,17,NM_007294.3,c.241C>A,Q81K,Missense,-0.00691769960713148,FUNC,0.321
BRCA1,17,NM_007294.3,c.241C>G,Q81E,Missense,-0.964109618177198,INT,0.358
BRCA1,17,NM_007294.3,c.241C>T,Q81*,Nonsense,-1.29548719112128,INT,
BRCA1,17,NM_007294.3,c.242A>C,Q81P,Missense,-0.637299098563328,FUNC,0.382
BRCA1,17,NM_007294.3,c.242A>G,Q81R,Missense,0.198078810911722,FUNC,0.26
BRCA1,17,NM_007294.3,c.242A>T,Q81L,Missense,-0.372554913707786,FUNC,0.195
BRCA1,17,NM_007294.3,c.243A>C,Q81H,Missense,-0.784971029092428,INT,0.2
BRCA1,17,NM_007294.3,c.243A>T,Q81H,Missense,-1.39426952397413,LOF,0.2
BRCA1,17,NM_007294.3,c.244C>A,L82I,Missense,0.0263481686460058,FUNC,0.3779999999999999
BRCA1,17,NM_007294.3,c.244C>G,L82V,Missense,-0.788895725099636,INT,0.376
BRCA1,17,NM_007294.3,c.244C>T,L82F,Missense,-1.79948636614858,LOF,0.389
BRCA1,17,NM_007294.3,c.245T>A,L82H,Missense,-3.50091996986558,LOF,0.422
BRCA1,17,NM_007294.3,c.245T>C,L82P,Missense,-3.45179064058583,LOF,0.633
BRCA1,17,NM_007294.3,c.245T>G,L82R,Missense,-2.50965929019891,LOF,0.461
BRCA1,17,NM_007294.3,c.247G>A,V83I,Missense,-0.0934321813016914,FUNC,0.09
BRCA1,17,NM_007294.3,c.247G>C,V83L,Missense,-0.515313480092208,FUNC,0.146
BRCA1,17,NM_007294.3,c.247G>T,V83F,Missense,-1.74436152856929,LOF,0.2339999999999999
BRCA1,17,NM_007294.3,c.248T>A,V83D,Missense,-2.37861197619797,LOF,0.406
BRCA1,17,NM_007294.3,c.248T>G,V83G,Missense,-0.0206654911150037,FUNC,0.152
BRCA1,17,NM_007294.3,c.250G>A,E84K,Missense,-1.41519405273807,LOF,0.344
BRCA1,17,NM_007294.3,c.250G>C,E84Q,Missense,0.227577933485268,FUNC,0.236
BRCA1,17,NM_007294.3,c.250G>T,E84*,Nonsense,-3.78174671984507,LOF,
BRCA1,17,NM_007294.3,c.251A>C,E84A,Missense,-0.43615651271743,FUNC,0.157
BRCA1,17,NM_007294.3,c.251A>G,E84G,Missense,0.0977008263695057,FUNC,0.203
BRCA1,17,NM_007294.3,c.251A>T,E84V,Missense,-1.57828897095556,LOF,0.18
BRCA1,17,NM_007294.3,c.252A>C,E84D,Missense,-0.132410449618805,FUNC,0.225
BRCA1,17,NM_007294.3,c.252A>T,E84D,Missense,-0.357980559719453,FUNC,0.225
BRCA1,17,NM_007294.3,c.253G>A,E85K,Missense,-3.71822115320077,LOF,0.21
BRCA1,17,NM_007294.3,c.253G>C,E85Q,Missense,0.596518163597174,FUNC,0.138
BRCA1,17,NM_007294.3,c.253G>T,E85*,Nonsense,-2.93066522055971,LOF,
BRCA1,17,NM_007294.3,c.254A>C,E85A,Missense,-0.437781653954811,FUNC,0.069
BRCA1,17,NM_007294.3,c.254A>G,E85G,Missense,-1.45571882702139,LOF,0.07
BRCA1,17,NM_007294.3,c.254A>T,E85V,Missense,-0.100970759765058,FUNC,0.095
BRCA1,17,NM_007294.3,c.255G>C,E85D,Missense,-0.772470137838265,INT,0.105
BRCA1,17,NM_007294.3,c.255G>T,E85D,Missense,-0.326985961469278,FUNC,0.105
BRCA1,17,NM_007294.3,c.256C>A,L86I,Missense,-0.199917549426923,FUNC,0.159
BRCA1,17,NM_007294.3,c.256C>G,L86V,Missense,-0.605664748165032,FUNC,0.151
BRCA1,17,NM_007294.3,c.257T>A,L86Q,Missense,-0.563689704420925,FUNC,0.444
BRCA1,17,NM_007294.3,c.257T>C,L86P,Missense,-1.99644566293025,LOF,0.632
BRCA1,17,NM_007294.3,c.257T>G,L86R,Missense,-3.33011680009725,LOF,0.471
BRCA1,17,NM_007294.3,c.259T>A,L87M,Missense,-0.436587615023912,FUNC,0.093
BRCA1,17,NM_007294.3,c.259T>G,L87V,Missense,-0.334476341743134,FUNC,0.092
BRCA1,17,NM_007294.3,c.260T>A,L87*,Nonsense,-1.97791548004045,LOF,
BRCA1,17,NM_007294.3,c.260T>C,L87S,Missense,0.00365699724177147,FUNC,0.119
BRCA1,17,NM_007294.3,c.260T>G,L87W,Missense,-0.21889029260242,FUNC,0.158
BRCA1,17,NM_007294.3,c.261G>C,L87F,Missense,-0.139688848800258,FUNC,0.136
BRCA1,17,NM_007294.3,c.261G>T,L87F,Missense,-2.19093104198801,LOF,0.136
BRCA1,17,NM_007294.3,c.262A>C,K88Q,Missense,-0.404258963159923,FUNC,0.119
BRCA1,17,NM_007294.3,c.262A>G,K88E,Missense,0.223227493922057,FUNC,0.187
BRCA1,17,NM_007294.3,c.262A>T,K88*,Nonsense,-2.31537290913289,LOF,
BRCA1,17,NM_007294.3,c.263A>C,K88T,Missense,-0.110824204974069,FUNC,0.091
BRCA1,17,NM_007294.3,c.263A>G,K88R,Missense,-0.194855836414978,FUNC,0.064
BRCA1,17,NM_007294.3,c.264A>C,K88N,Missense,-0.605310021034968,FUNC,0.088
BRCA1,17,NM_007294.3,c.264A>T,K88N,Missense,0.1898640083204,FUNC,0.088
BRCA1,17,NM_007294.3,c.265A>C,I89L,Missense,-0.0983238418972658,FUNC,0.136
BRCA1,17,NM_007294.3,c.265A>G,I89V,Missense,-0.849261952974786,INT,0.068
BRCA1,17,NM_007294.3,c.265A>T,I89F,Missense,-0.315334500208483,FUNC,0.148
BRCA1,17,NM_007294.3,c.266T>A,I89N,Missense,-2.58720603093368,LOF,0.249
BRCA1,17,NM_007294.3,c.266T>C,I89T,Missense,0.530562189608434,FUNC,0.066
BRCA1,17,NM_007294.3,c.266T>G,I89S,Missense,-0.768140526254823,INT,0.158
BRCA1,17,NM_007294.3,c.267C>G,I89M,Missense,-0.275180330692083,FUNC,0.103
BRCA1,17,NM_007294.3,c.268A>C,I90L,Missense,-0.688819549652649,FUNC,0.087
BRCA1,17,NM_007294.3,c.268A>G,I90V,Missense,-0.0722305973971354,FUNC,0.054
BRCA1,17,NM_007294.3,c.268A>T,I90F,Missense,-0.225198811916451,FUNC,0.098
BRCA1,17,NM_007294.3,c.269T>A,I90N,Missense,-1.13446904179049,INT,0.27
BRCA1,17,NM_007294.3,c.269T>C,I90T,Missense,0.0569082533560138,FUNC,0.067
BRCA1,17,NM_007294.3,c.269T>G,I90S,Missense,-0.270302363087462,FUNC,0.1639999999999999
BRCA1,17,NM_007294.3,c.270T>G,I90M,Missense,-0.228945552243541,FUNC,0.054
BRCA1,17,NM_007294.3,c.271T>A,C91S,Missense,-0.241779426738935,FUNC,0.045
BRCA1,17,NM_007294.3,c.272G>C,C91S,Missense,-0.624507820509113,FUNC,0.045
BRCA1,17,NM_007294.3,c.271T>C,C91R,Missense,-0.330071693871008,FUNC,0.093
BRCA1,17,NM_007294.3,c.271T>G,C91G,Missense,-0.716466544933724,FUNC,0.048
BRCA1,17,NM_007294.3,c.272G>A,C91Y,Missense,0.0363977346007979,FUNC,0.071
BRCA1,17,NM_007294.3,c.272G>T,C91F,Missense,-0.243291683738199,FUNC,0.088
BRCA1,17,NM_007294.3,c.273T>A,C91*,Nonsense,-1.781887252075,LOF,
BRCA1,17,NM_007294.3,c.273T>G,C91W,Missense,-0.847753322261413,INT,0.079
BRCA1,17,NM_007294.3,c.274G>A,A92T,Missense,-2.26248671914372,LOF,0.369
BRCA1,17,NM_007294.3,c.274G>C,A92P,Missense,-3.04366046844681,LOF,0.659
BRCA1,17,NM_007294.3,c.274G>T,A92S,Missense,-0.580671009093887,FUNC,0.347
BRCA1,17,NM_007294.3,c.275C>A,A92D,Missense,-2.0817542004775,LOF,0.585
BRCA1,17,NM_007294.3,c.275C>G,A92G,Missense,-1.29607333854295,INT,0.4
BRCA1,17,NM_007294.3,c.275C>T,A92V,Missense,-1.84583327622425,LOF,0.371
BRCA1,17,NM_007294.3,c.277T>A,F93I,Missense,-0.675617637380368,FUNC,0.33
BRCA1,17,NM_007294.3,c.277T>C,F93L,Missense,-1.89808212586787,LOF,0.226
BRCA1,17,NM_007294.3,c.279T>A,F93L,Missense,-1.23626441547654,INT,0.226
BRCA1,17,NM_007294.3,c.279T>G,F93L,Missense,-2.28309911645289,LOF,0.226
BRCA1,17,NM_007294.3,c.277T>G,F93V,Missense,0.13737849788977,FUNC,0.349
BRCA1,17,NM_007294.3,c.278T>A,F93Y,Missense,0.390097775540481,FUNC,0.237
BRCA1,17,NM_007294.3,c.278T>C,F93S,Missense,-1.42075827273154,LOF,0.5920000000000001
BRCA1,17,NM_007294.3,c.278T>G,F93C,Missense,-1.15247994178777,INT,0.375
BRCA1,17,NM_007294.3,c.280C>A,Q94K,Missense,-0.195956095141029,FUNC,0.1669999999999999
BRCA1,17,NM_007294.3,c.280C>G,Q94E,Missense,-0.114305140427472,FUNC,0.106
BRCA1,17,NM_007294.3,c.280C>T,Q94*,Nonsense,-2.69156700599675,LOF,
BRCA1,17,NM_007294.3,c.281A>C,Q94P,Missense,-1.2029044729423,INT,0.335
BRCA1,17,NM_007294.3,c.281A>G,Q94R,Missense,-0.00108641481694379,FUNC,0.178
BRCA1,17,NM_007294.3,c.281A>T,Q94L,Missense,-1.8635581417168,LOF,0.182
BRCA1,17,NM_007294.3,c.282G>C,Q94H,Missense,-0.24817916335054,FUNC,0.155
BRCA1,17,NM_007294.3,c.282G>T,Q94H,Missense,-0.439171236353344,FUNC,0.155
BRCA1,17,NM_007294.3,c.283C>A,L95I,Missense,-0.0792177393431917,FUNC,0.352
BRCA1,17,NM_007294.3,c.283C>G,L95V,Missense,-1.12379030791044,INT,0.349
BRCA1,17,NM_007294.3,c.283C>T,L95F,Missense,-0.480312471193396,FUNC,0.321
BRCA1,17,NM_007294.3,c.284T>A,L95H,Missense,-0.353218078407646,FUNC,0.322
BRCA1,17,NM_007294.3,c.284T>C,L95P,Missense,-3.27129662076606,LOF,0.552
BRCA1,17,NM_007294.3,c.284T>G,L95R,Missense,-0.202981727262133,FUNC,0.375
BRCA1,17,NM_007294.3,c.286G>A,D96N,Missense,-3.70116237654448,LOF,0.287
BRCA1,17,NM_007294.3,c.286G>C,D96H,Missense,-2.56225645650945,LOF,0.368
BRCA1,17,NM_007294.3,c.286G>T,D96Y,Missense,-3.54409780459629,LOF,0.41
BRCA1,17,NM_007294.3,c.287A>C,D96A,Missense,-3.0700093589234,LOF,0.268
BRCA1,17,NM_007294.3,c.287A>G,D96G,Missense,-3.00243211698934,LOF,0.325
BRCA1,17,NM_007294.3,c.287A>T,D96V,Missense,-2.74340346551776,LOF,0.317
BRCA1,17,NM_007294.3,c.288C>A,D96E,Missense,-3.84438142691263,LOF,0.299
BRCA1,17,NM_007294.3,c.288C>G,D96E,Missense,-3.46654746230765,LOF,0.299
BRCA1,17,NM_007294.3,c.289A>C,T97P,Missense,-2.51717085050026,LOF,0.497
BRCA1,17,NM_007294.3,c.289A>G,T97A,Missense,-0.726820581088183,FUNC,0.208
BRCA1,17,NM_007294.3,c.289A>T,T97S,Missense,-0.334099777232787,FUNC,0.141
BRCA1,17,NM_007294.3,c.290C>A,T97K,Missense,-1.27912017674434,INT,0.486
BRCA1,17,NM_007294.3,c.290C>G,T97R,Missense,-1.02382358502105,INT,0.489
BRCA1,17,NM_007294.3,c.290C>T,T97I,Missense,-1.04013448709355,INT,0.342
BRCA1,17,NM_007294.3,c.292G>A,G98S,Missense,-0.281335101034925,FUNC,0.059
BRCA1,17,NM_007294.3,c.292G>C,G98R,Missense,-0.378471486604788,FUNC,0.217
BRCA1,17,NM_007294.3,c.292G>T,G98C,Missense,-0.793166242021027,INT,0.141
BRCA1,17,NM_007294.3,c.293G>A,G98D,Missense,-0.390340916036396,FUNC,0.299
BRCA1,17,NM_007294.3,c.293G>C,G98A,Missense,-0.389790134685555,FUNC,0.1159999999999999
BRCA1,17,NM_007294.3,c.293G>T,G98V,Missense,-1.32926909487839,LOF,0.196
BRCA1,17,NM_007294.3,c.295T>G,L99V,Missense,-0.276943465997748,FUNC,0.054
BRCA1,17,NM_007294.3,c.298G>T,E100*,Nonsense,-1.95096032372052,LOF,
BRCA1,17,NM_007294.3,c.300G>C,E100D,Missense,-0.360777986077225,FUNC,0.078
BRCA1,17,NM_007294.3,c.300G>T,E100D,Missense,-0.377925754341704,FUNC,0.078
BRCA1,17,NM_007294.3,c.301T>A,Y101N,Missense,-0.674152758903757,FUNC,0.105
BRCA1,17,NM_007294.3,c.301T>G,Y101D,Missense,-0.38558587689788,FUNC,0.13
